Player,Pos,Team                     Currently With,Age                     At Signing,Start,End,Yrs,Value,AAV
Juan Soto,RF,NYM                  NYM,26,2025,2039,15,"$765,000,000.00","$51,000,000.00"
Shohei Ohtani,DH,LAD                  LAD,29,2024,2033,10,"$700,000,000.00","$70,000,000.00"
Vladimir Guerrero Jr.,1B,TOR                  TOR,26,2026,2039,14,"$500,000,000.00","$35,714,286.00"
Mike Trout,RF,LAA                  LAA,27,2019,2030,12,"$426,500,000.00","$35,541,667.00"
Mookie Betts,RF,LAD                  LAD,28,2021,2032,12,"$365,000,000.00","$30,416,667.00"
Aaron Judge,CF,NYY                  NYY,30,2023,2031,9,"$360,000,000.00","$40,000,000.00"
Manny Machado,3B,SD                  SD,30,2023,2033,11,"$350,000,000.00","$31,818,182.00"
Francisco Lindor,SS,NYM                  NYM,28,2022,2031,10,"$341,000,000.00","$34,100,000.00"
Fernando Tatis Jr.,SS,SD                  SD,21,2021,2034,14,"$340,000,000.00","$24,285,714.00"
Bryce Harper,1B,PHI                  PHI,26,2019,2031,13,"$330,000,000.00","$25,384,615.00"
Yoshinobu Yamamoto,SP,LAD                  LAD,25,2024,2035,12,"$325,000,000.00","$27,083,333.00"
Corey Seager,SS,TEX                  TEX,27,2022,2031,10,"$325,000,000.00","$32,500,000.00"
Giancarlo Stanton,RF,NYY                  NYY,25,2015,2027,13,"$325,000,000.00","$25,000,000.00"
Gerrit Cole,SP,NYY                  NYY,29,2020,2028,9,"$324,000,000.00","$36,000,000.00"
Rafael Devers,3B,SF                  SF,26,2023,2033,10,"$313,500,000.00","$31,350,000.00"
Trea Turner,SS,PHI                  PHI,29,2023,2033,11,"$300,000,000.00","$27,272,727.00"
Bobby Witt Jr.,SS,KC                  KC,23,2024,2037,11,"$288,777,777.00","$26,252,525.00"
Xander Bogaerts,2B,SD                  SD,30,2023,2033,11,"$280,000,000.00","$25,454,545.00"
Nolan Arenado,3B,ARI                  ARI,27,2019,2027,8,"$260,000,000.00","$32,500,000.00"
Kyle Tucker,RF,LAD                  LAD,28,2026,2029,4,"$240,000,000.00","$60,000,000.00"
Max Fried,SP,NYY                  NYY,30,2025,2032,8,"$218,000,000.00","$27,250,000.00"
Austin Riley,3B,ATL                  ATL,25,2023,2033,10,"$212,000,000.00","$21,200,000.00"
Dylan Cease,SP,TOR                  TOR,29,2026,2032,7,"$210,000,000.00","$30,000,000.00"
Corbin Burnes,SP,ARI                  ARI,30,2025,2030,6,"$210,000,000.00","$35,000,000.00"
Julio Rodriguez,CF,SEA                  SEA,21,2023,2034,12,"$209,300,000.00","$17,441,667.00"
Carlos Correa,SS,HOU                  HOU,28,2023,2032,6,"$200,000,000.00","$33,333,333.00"
Christian Yelich,LF,MIL                  MIL,28,2020,2029,7,"$188,500,000.00","$26,928,571.00"
Jacob deGrom,SP,TEX                  TEX,34,2023,2027,5,"$185,000,000.00","$37,000,000.00"
Willy Adames,SS,SF                  SF,29,2025,2031,7,"$182,000,000.00","$26,000,000.00"
Blake Snell,SP,LAD                  LAD,31,2025,2030,5,"$182,000,000.00","$36,400,000.00"
Kris Bryant,1B,COL                  COL,30,2022,2028,7,"$182,000,000.00","$26,000,000.00"
Wander Franco,SS,TB                  TB,20,2022,2033,11,"$182,000,000.00","$16,545,455.00"
Dansby Swanson,SS,CHC                  CHC,28,2023,2029,7,"$177,000,000.00","$25,285,714.00"
José Ramírez,3B,CLE                  CLE,33,2026,2032,7,"$175,000,000.00","$25,000,000.00"
Alex Bregman,3B,CHC                  CHC,31,2026,2030,5,"$175,000,000.00","$35,000,000.00"
Marcus Semien,2B,NYM                  NYM,31,2022,2028,7,"$175,000,000.00","$25,000,000.00"
Aaron Nola,SP,PHI                  PHI,30,2024,2030,7,"$172,000,000.00","$24,571,429.00"
Garrett Crochet,SP,BOS                  BOS,25,2026,2031,6,"$170,000,000.00","$28,333,333.00"
Matt Olson,1B,ATL                  ATL,27,2022,2030,8,"$168,000,000.00","$21,000,000.00"
Cody Bellinger,CF,NYY                  NYY,30,2026,2030,5,"$162,500,000.00","$32,500,000.00"
Carlos Rodon,SP,NYY                  NYY,30,2023,2028,6,"$162,000,000.00","$27,000,000.00"
Brandon Nimmo,LF,TEX                  TEX,29,2023,2030,8,"$162,000,000.00","$20,250,000.00"
Freddie Freeman,1B,LAD                  LAD,32,2022,2027,6,"$162,000,000.00","$27,000,000.00"
Pete Alonso,1B,BAL                  BAL,31,2026,2030,5,"$155,000,000.00","$31,000,000.00"
Matt Chapman,3B,SF                  SF,31,2025,2030,6,"$151,000,000.00","$25,166,667.00"
Kyle Schwarber,DH,PHI                  PHI,32,2026,2030,5,"$150,000,000.00","$30,000,000.00"
George Springer,RF,TOR                  TOR,31,2021,2026,6,"$150,000,000.00","$25,000,000.00"
Will Smith,C,LAD                  LAD,28,2024,2033,10,"$140,000,000.00","$14,000,000.00"
Javier Báez,SS,DET                  DET,29,2022,2027,6,"$140,000,000.00","$23,333,333.00"
Tyler Glasnow,SP,LAD                  LAD,30,2024,2028,5,"$136,562,500.00","$27,312,500.00"
Jackson Merrill,CF,SD                  SD,21,2026,2035,9,"$135,000,000.00","$15,000,000.00"
José Berríos,SP,TOR                  TOR,27,2022,2028,7,"$131,000,000.00","$18,714,286.00"
Ranger Suarez,SP,BOS                  BOS,30,2026,2030,5,"$130,000,000.00","$26,000,000.00"
Roman Anthony,RF,BOS                  BOS,21,2026,2034,8,"$130,000,000.00","$16,250,000.00"
Bo Bichette,SS,NYM                  NYM,27,2026,2028,3,"$126,000,000.00","$42,000,000.00"
Zack Wheeler,SP,PHI                  PHI,33,2025,2027,3,"$126,000,000.00","$42,000,000.00"
Jose Altuve,2B,HOU                  HOU,33,2025,2029,5,"$125,000,000.00","$25,000,000.00"
Ketel Marte,2B,ARI                  ARI,31,2025,2031,6,"$116,500,000.00","$19,416,667.00"
Framber Valdez,SP,DET                  DET,32,2026,2028,3,"$115,000,000.00","$38,333,333.00"
Yordan Alvarez,DH,HOU                  HOU,24,2023,2028,6,"$115,000,000.00","$19,166,667.00"
Robbie Ray,SP,SF                  SF,30,2022,2026,5,"$115,000,000.00","$23,000,000.00"
Jung Hoo Lee,CF,SF                  SF,25,2024,2029,6,"$113,000,000.00","$18,833,333.00"
Corbin Carroll,OF,ARI                  ARI,22,2023,2031,8,"$111,000,000.00","$13,875,000.00"
Kevin Gausman,SP,TOR                  TOR,30,2022,2026,5,"$110,000,000.00","$22,000,000.00"
Yu Darvish,SP,SD                  SD,36,2023,2028,6,"$108,000,000.00","$18,000,000.00"
Luis Castillo,SP,SEA                  SEA,30,2023,2028,5,"$108,000,000.00","$21,600,000.00"
Bryan Reynolds,RF,PIT                  PIT,28,2023,2031,8,"$106,750,000.00","$13,343,750.00"
Andres Gimenez,2B,TOR                  TOR,24,2023,2030,7,"$106,500,000.00","$15,214,286.00"
Cal Raleigh,C,SEA                  SEA,28,2025,2030,6,"$105,000,000.00","$17,500,000.00"
Joe Musgrove,SP,SD                  SD,29,2023,2027,5,"$100,000,000.00","$20,000,000.00"
Byron Buxton,CF,MIN                  MIN,28,2022,2028,7,"$100,000,000.00","$14,285,714.00"
Ronald Acuña Jr.,RF,ATL                  ATL,21,2019,2028,8,"$100,000,000.00","$12,500,000.00"
Josh Hader,RP,HOU                  HOU,29,2024,2028,5,"$95,000,000.00","$19,000,000.00"
Josh Naylor,1B,SEA                  SEA,28,2026,2030,5,"$92,500,000.00","$18,500,000.00"
Anthony Santander,RF,TOR                  TOR,30,2025,2030,5,"$92,500,000.00","$18,500,000.00"
Logan Webb,SP,SF                  SF,26,2024,2028,5,"$90,000,000.00","$18,000,000.00"
Masataka Yoshida,DH,BOS                  BOS,29,2023,2027,5,"$90,000,000.00","$18,000,000.00"
Willson Contreras,1B,BOS                  BOS,30,2023,2028,5,"$87,500,000.00","$17,500,000.00"
Tyler Soderstrom,1B,ATH                  ATH,24,2026,2032,7,"$86,000,000.00","$12,285,714.00"
Seiya Suzuki,RF,CHC                  CHC,27,2022,2026,5,"$85,000,000.00","$17,000,000.00"
Lance McCullers,SP,HOU                  HOU,28,2022,2026,5,"$85,000,000.00","$17,000,000.00"
Jackson Chourio,LF,MIL                  MIL,19,2024,2033,8,"$82,000,000.00","$10,250,000.00"
Eduardo Rodriguez,SP,ARI                  ARI,30,2024,2028,4,"$80,000,000.00","$20,000,000.00"
Jake Cronenworth,1B,SD                  SD,29,2024,2030,7,"$80,000,000.00","$11,428,571.00"
Mitch Keller,SP,PIT                  PIT,27,2024,2028,5,"$77,000,000.00","$15,400,000.00"
Michael King,SP,SD                  SD,30,2026,2028,3,"$75,000,000.00","$25,000,000.00"
Sean Manaea,SP,NYM                  NYM,32,2025,2027,3,"$75,000,000.00","$25,000,000.00"
Nathan Eovaldi,SP,TEX                  TEX,34,2025,2027,3,"$75,000,000.00","$25,000,000.00"
Sonny Gray,SP,BOS                  BOS,34,2024,2027,3,"$75,000,000.00","$25,000,000.00"
Andrew Benintendi,LF,CHW                  CHW,28,2023,2027,5,"$75,000,000.00","$15,000,000.00"
Kodai Senga,SP,NYM                  NYM,29,2023,2027,5,"$75,000,000.00","$15,000,000.00"
Spencer Strider,SP,ATL                  ATL,24,2023,2029,6,"$75,000,000.00","$12,500,000.00"
Tommy Edman,CF,LAD                  LAD,29,2025,2030,5,"$74,000,000.00","$14,800,000.00"
Pablo López,SP,MIN                  MIN,27,2024,2027,4,"$73,500,000.00","$18,375,000.00"
Sean Murphy,C,ATL                  ATL,28,2023,2028,6,"$73,000,000.00","$12,166,667.00"
Tanner Scott,RP,LAD                  LAD,30,2025,2028,4,"$72,000,000.00","$18,000,000.00"
Taijuan Walker,SP,PHI                  PHI,30,2023,2026,4,"$72,000,000.00","$18,000,000.00"
Michael Harris II,CF,ATL                  ATL,21,2023,2032,8,"$72,000,000.00","$9,000,000.00"
Jacob Wilson,SS,ATH                  ATH,23,2026,2033,7,"$70,000,000.00","$10,000,000.00"
Ke'Bryan Hayes,3B,CIN                  CIN,24,2022,2030,8,"$70,000,000.00","$8,750,000.00"
Ryan McMahon,3B,NYY                  NYY,27,2022,2027,6,"$70,000,000.00","$11,666,667.00"
Edwin Diaz,RP,LAD                  LAD,31,2026,2029,3,"$69,000,000.00","$23,000,000.00"
Jameson Taillon,SP,CHC                  CHC,31,2023,2026,4,"$68,000,000.00","$17,000,000.00"
Samuel Basallo,C,BAL                  BAL,21,2026,2034,8,"$67,000,000.00","$8,375,000.00"
Luis Severino,SP,ATH                  ATH,30,2025,2027,3,"$67,000,000.00","$22,333,333.00"
Teoscar Hernandez,LF,LAD                  LAD,32,2025,2028,3,"$66,000,000.00","$22,000,000.00"
Lawrence Butler,RF,ATH                  ATH,24,2025,2032,7,"$65,500,000.00","$9,357,143.00"
Kyle Freeland,SP,COL                  COL,28,2022,2027,5,"$64,500,000.00","$12,900,000.00"
Cristian Javier,SP,HOU                  HOU,25,2023,2027,5,"$64,000,000.00","$12,800,000.00"
Yusei Kikuchi,SP,LAA                  LAA,33,2025,2027,3,"$63,675,000.00","$21,225,000.00"
Ezequiel Tovar,SS,COL                  COL,22,2024,2031,7,"$63,500,000.00","$9,071,429.00"
Ian Happ,LF,CHC                  CHC,28,2024,2026,3,"$61,000,000.00","$20,333,333.00"
Kazuma Okamoto,3B,TOR                  TOR,29,2026,2029,4,"$60,000,000.00","$15,000,000.00"
Kristian Campbell,2B,BOS                  BOS,22,2025,2034,8,"$60,000,000.00","$7,500,000.00"
Christian Walker,1B,HOU                  HOU,33,2025,2027,3,"$60,000,000.00","$20,000,000.00"
Brent Rooker,DH,ATH                  ATH,29,2025,2030,5,"$60,000,000.00","$12,000,000.00"
Alejandro Kirk,C,TOR                  TOR,26,2026,2030,5,"$58,000,000.00","$11,600,000.00"
Maikel Garcia,3B,KC                  KC,25,2026,2031,5,"$57,500,000.00","$11,500,000.00"
Sandy Alcantara,SP,MIA                  MIA,26,2022,2027,5,"$56,000,000.00","$11,200,000.00"
Nick Pivetta,SP,SD                  SD,31,2025,2028,4,"$55,000,000.00","$13,750,000.00"
Brayan Bello,SP,BOS                  BOS,24,2024,2030,6,"$55,000,000.00","$9,166,667.00"
Tatsuya Imai,P,HOU                  HOU,27,2026,2028,3,"$54,000,000.00","$18,000,000.00"
Hunter Greene,SP,CIN                  CIN,23,2023,2029,6,"$53,000,000.00","$8,833,333.00"
Devin Williams,RP,NYM                  NYM,31,2026,2028,3,"$51,000,000.00","$17,000,000.00"
Michael Wacha,SP,KC                  KC,33,2025,2028,3,"$51,000,000.00","$17,000,000.00"
J.P. Crawford,SS,SEA                  SEA,26,2022,2026,5,"$51,000,000.00","$10,200,000.00"
Antonio Senzatela,SP,COL                  COL,26,2022,2027,5,"$50,500,000.00","$10,100,000.00"
Ceddanne Rafaela,SS,BOS                  BOS,23,2024,2032,8,"$50,000,000.00","$6,250,000.00"
Jeff McNeil,2B,ATH                  ATH,30,2023,2027,4,"$50,000,000.00","$12,500,000.00"
Keibert Ruiz,C,WSH                  WSH,24,2023,2032,8,"$50,000,000.00","$6,250,000.00"
Luis Robert Jr.,CF,NYM                  NYM,22,2020,2027,6,"$50,000,000.00","$8,333,333.00"
Tyler O'Neill,LF,BAL                  BAL,29,2025,2027,3,"$49,500,000.00","$16,500,000.00"
Tanner Bibee,SP,CLE                  CLE,25,2025,2030,5,"$48,000,000.00","$9,600,000.00"
Seth Lugo,SP,KC                  KC,35,2026,2028,2,"$46,000,000.00","$23,000,000.00"
J.T. Realmuto,C,PHI                  PHI,34,2026,2028,3,"$45,000,000.00","$15,000,000.00"
Robert Suarez,RP,ATL                  ATL,34,2026,2028,3,"$45,000,000.00","$15,000,000.00"
Brandon Pfaadt,SP,ARI                  ARI,26,2026,2032,5,"$45,000,000.00","$9,000,000.00"
Geraldo Perdomo,SS,ARI                  ARI,25,2026,2030,4,"$45,000,000.00","$11,250,000.00"
Jordan Hicks,RP,CHW                  CHW,27,2024,2027,4,"$44,000,000.00","$11,000,000.00"
Jurickson Profar,LF,ATL                  ATL,31,2025,2027,3,"$42,000,000.00","$14,000,000.00"
Jorge Soler,RF,LAA                  LAA,31,2024,2026,3,"$42,000,000.00","$14,000,000.00"
Lourdes Gurriel Jr.,OF,ARI                  ARI,30,2024,2027,3,"$42,000,000.00","$14,000,000.00"
Merrill Kelly,SP,ARI                  ARI,37,2026,2027,2,"$40,000,000.00","$20,000,000.00"
Jorge Polanco,2B,NYM                  NYM,32,2026,2027,2,"$40,000,000.00","$20,000,000.00"
Clay Holmes,SP,NYM                  NYM,31,2025,2027,3,"$38,000,000.00","$12,666,667.00"
Chris Sale,SP,ATL                  ATL,34,2024,2026,2,"$38,000,000.00","$19,000,000.00"
Tyler Rogers,RP,TOR                  TOR,34,2026,2029,3,"$37,000,000.00","$12,333,333.00"
Joc Pederson,DH,TEX                  TEX,32,2025,2027,2,"$37,000,000.00","$18,500,000.00"
Jack Flaherty,SP,DET                  DET,29,2025,2026,2,"$35,000,000.00","$17,500,000.00"
Nico Hoerner,2B,CHC                  CHC,25,2024,2026,3,"$35,000,000.00","$11,666,667.00"
Ozzie Albies,2B,ATL                  ATL,21,2019,2027,7,"$35,000,000.00","$5,000,000.00"
Munetaka Murakami,3B,CHW                  CHW,25,2026,2027,2,"$34,000,000.00","$17,000,000.00"
Jeff Hoffman,RP,TOR                  TOR,32,2025,2027,3,"$33,000,000.00","$11,000,000.00"
Robert Stephenson,RP,LAA                  LAA,30,2024,2027,3,"$33,000,000.00","$11,000,000.00"
Tarik Skubal,SP,DET                  DET,29,2026,2026,1,"$32,000,000.00","$32,000,000.00"
Jeffrey Springs,SP,ATH                  ATH,30,2023,2027,4,"$31,000,000.00","$7,750,000.00"
Cody Ponce,SP,TOR                  TOR,31,2026,2028,3,"$30,000,000.00","$10,000,000.00"
Reynaldo López,SP,ATL                  ATL,30,2025,2027,3,"$30,000,000.00","$10,000,000.00"
Ryan O'Hearn,DH,PIT                  PIT,32,2026,2027,2,"$29,000,000.00","$14,500,000.00"
Matthew Boyd,SP,CHC                  CHC,33,2025,2027,2,"$29,000,000.00","$14,500,000.00"
Colt Keith,2B,DET                  DET,22,2024,2032,6,"$28,642,500.00","$4,773,750.00"
Ryan Helsley,RP,BAL                  BAL,31,2026,2027,2,"$28,000,000.00","$14,000,000.00"
Yuki Matsui,RP,SD                  SD,28,2024,2028,5,"$28,000,000.00","$5,600,000.00"
Chris Sale,SP,ATL                  ATL,36,2027,2028,1,"$27,000,000.00","$27,000,000.00"
Shane Bieber,SP,TOR                  TOR,29,2025,2026,2,"$26,000,000.00","$13,000,000.00"
Joe Jimenez,RP,ATL                  ATL,28,2024,2026,3,"$26,000,000.00","$8,666,667.00"
Salvador Perez,C,KC                  KC,35,2026,2027,2,"$25,000,000.00","$12,500,000.00"
Myles Straw,CF,TOR                  TOR,27,2022,2028,5,"$25,000,000.00","$5,000,000.00"
Brandon Lowe,2B,PIT                  PIT,24,2019,2026,6,"$24,000,000.00","$4,000,000.00"
Mike Yastrzemski,RF,ATL                  ATL,35,2026,2028,2,"$23,000,000.00","$11,500,000.00"
Cristopher Sanchez,SP,PHI                  PHI,27,2025,2030,4,"$22,500,000.00","$5,625,000.00"
Carlos Estevez,RP,KC                  KC,32,2025,2027,2,"$22,200,000.00","$11,100,000.00"
Zac Gallen,SP,ARI                  ARI,30,2026,2026,1,"$22,025,000.00","$22,025,000.00"
Shota Imanaga,SP,CHC                  CHC,32,2026,2026,1,"$22,025,000.00","$22,025,000.00"
Gleyber Torres,2B,DET                  DET,28,2026,2026,1,"$22,025,000.00","$22,025,000.00"
Brandon Woodruff,SP,MIL                  MIL,32,2026,2026,1,"$22,025,000.00","$22,025,000.00"
Trent Grisham,CF,NYY                  NYY,29,2026,2026,1,"$22,025,000.00","$22,025,000.00"
Luke Weaver,RP,NYM                  NYM,32,2026,2027,2,"$22,000,000.00","$11,000,000.00"
Brad Keller,RP,PHI                  PHI,30,2026,2027,2,"$22,000,000.00","$11,000,000.00"
Adrian Houser,SP,SF                  SF,32,2026,2028,2,"$22,000,000.00","$11,000,000.00"
A.J. Minter,RP,NYM                  NYM,31,2025,2026,2,"$22,000,000.00","$11,000,000.00"
Jose Alvarado,RP,PHI                  PHI,27,2023,2026,3,"$22,000,000.00","$7,333,333.00"
Harrison Bader,LF,SF                  SF,31,2026,2027,2,"$20,500,000.00","$10,250,000.00"
Aaron Ashby,SP,MIL                  MIL,24,2023,2029,5,"$20,500,000.00","$4,100,000.00"
Seranthony Dominguez,RP,CHW                  CHW,31,2026,2028,2,"$20,000,000.00","$10,000,000.00"
Ha-seong Kim,SS,ATL                  ATL,30,2026,2026,1,"$20,000,000.00","$20,000,000.00"
Emilio Pagan,RP,CIN                  CIN,34,2026,2027,2,"$20,000,000.00","$10,000,000.00"
Emmanuel Clase,RP,CLE                  CLE,23,2022,2028,5,"$20,000,000.00","$4,000,000.00"
Kyle Finnegan,RP,DET                  DET,34,2026,2027,2,"$19,000,000.00","$9,500,000.00"
Garrett Whitlock,SP,BOS                  BOS,26,2023,2028,4,"$18,750,000.00","$4,687,500.00"
Chris Bassitt,SP,BAL                  BAL,36,2026,2026,1,"$18,500,000.00","$18,500,000.00"
Patrick Sandoval,SP,BOS                  BOS,28,2025,2026,2,"$18,250,000.00","$9,125,000.00"
Justin Martinez,RP,ARI                  ARI,23,2025,2031,5,"$18,000,000.00","$3,600,000.00"
Wandy Peralta,RP,SD                  SD,32,2024,2027,4,"$16,500,000.00","$4,125,000.00"
Raisel Iglesias,RP,ATL                  ATL,35,2026,2026,1,"$16,000,000.00","$16,000,000.00"
Randy Arozarena,LF,SEA                  SEA,30,2026,2026,1,"$15,650,000.00","$15,650,000.00"
Freddy Peralta,SP,NYM                  NYM,23,2020,2026,5,"$15,500,000.00","$3,100,000.00"
Eugenio Suarez,3B,CIN                  CIN,34,2026,2027,1,"$15,000,000.00","$15,000,000.00"
Steven Matz,RP,TB                  TB,34,2026,2027,2,"$15,000,000.00","$7,500,000.00"
Sung Mun Song,INF,SD                  SD,29,2026,2030,4,"$15,000,000.00","$3,750,000.00"
Yimi Garcia,RP,TOR                  TOR,34,2025,2026,2,"$15,000,000.00","$7,500,000.00"
Danny Jansen,C,TEX                  TEX,30,2026,2028,2,"$14,500,000.00","$7,250,000.00"
Phil Maton,RP,CHC                  CHC,32,2026,2028,2,"$14,500,000.00","$7,250,000.00"
Victor Caratini,C,MIN                  MIN,32,2026,2027,2,"$14,000,000.00","$7,000,000.00"
Trevor Williams,SP,WSH                  WSH,32,2025,2026,2,"$14,000,000.00","$7,000,000.00"
Kyle Higashioka,C,TEX                  TEX,34,2025,2027,2,"$13,500,000.00","$6,750,000.00"
Aroldis Chapman,RP,BOS                  BOS,37,2026,2027,1,"$13,300,000.00","$13,300,000.00"
Cole Ragans,SP,KC                  KC,26,2025,2027,3,"$13,250,000.00","$4,416,667.00"
Justin Verlander,SP,DET                  DET,42,2026,2026,1,"$13,000,000.00","$13,000,000.00"
Nick Martinez,SP,TB                  TB,35,2026,2027,1,"$13,000,000.00","$13,000,000.00"
Pete Fairbanks,RP,MIA                  MIA,32,2026,2026,1,"$13,000,000.00","$13,000,000.00"
Aaron Bummer,RP,ATL                  ATL,31,2025,2026,2,"$13,000,000.00","$6,500,000.00"
Willi Castro,2B,COL                  COL,28,2026,2027,2,"$12,800,000.00","$6,400,000.00"
Brady Singer,SP,CIN                  CIN,29,2026,2026,1,"$12,750,000.00","$12,750,000.00"
Dustin May,SP,STL                  STL,28,2026,2027,1,"$12,500,000.00","$12,500,000.00"
Hyeseong Kim,2B,LAD                  LAD,25,2025,2029,3,"$12,500,000.00","$4,166,667.00"
Taylor Ward,LF,BAL                  BAL,32,2026,2026,1,"$12,175,000.00","$12,175,000.00"
Marcell Ozuna,DH,PIT                  PIT,35,2026,2027,1,"$12,000,000.00","$12,000,000.00"
Luis Arraez,2B,SF                  SF,28,2026,2026,1,"$12,000,000.00","$12,000,000.00"
Anthony Kay,RP,CHW                  CHW,30,2026,2028,2,"$12,000,000.00","$6,000,000.00"
Yandy Diaz,1B,TB                  TB,33,2026,2027,1,"$12,000,000.00","$12,000,000.00"
Travis d'Arnaud,C,LAA                  LAA,35,2025,2026,2,"$12,000,000.00","$6,000,000.00"
Jose Trevino,C,CIN                  CIN,32,2026,2028,2,"$11,500,000.00","$5,750,000.00"
Carson Kelly,C,CHC                  CHC,30,2025,2027,2,"$11,500,000.00","$5,750,000.00"
Vinnie Pasquantino,1B,KC                  KC,28,2026,2027,2,"$11,100,000.00","$5,550,000.00"
Jesús Luzardo,SP,PHI                  PHI,28,2026,2026,1,"$11,000,000.00","$11,000,000.00"
Kenley Jansen,RP,DET                  DET,38,2026,2027,1,"$11,000,000.00","$11,000,000.00"
Logan Gilbert,SP,SEA                  SEA,28,2026,2026,1,"$10,927,000.00","$10,927,000.00"
Daulton Varsho,LF,TOR                  TOR,29,2026,2026,1,"$10,750,000.00","$10,750,000.00"
Jazz Chisholm,2B,NYY                  NYY,27,2026,2026,1,"$10,200,000.00","$10,200,000.00"
Alec Bohm,3B,PHI                  PHI,29,2026,2026,1,"$10,200,000.00","$10,200,000.00"
Max Muncy,3B,LAD                  LAD,35,2027,2028,1,"$10,000,000.00","$10,000,000.00"
Tyler Mahle,SP,SF                  SF,31,2026,2026,1,"$10,000,000.00","$10,000,000.00"
Zach Eflin,SP,BAL                  BAL,31,2026,2027,1,"$10,000,000.00","$10,000,000.00"
Adolis García,RF,PHI                  PHI,32,2026,2026,1,"$10,000,000.00","$10,000,000.00"
Andrew Kittredge,RP,BAL                  BAL,34,2025,2026,1,"$10,000,000.00","$10,000,000.00"
Victor Robles,CF,SEA                  SEA,27,2025,2027,2,"$9,750,000.00","$4,875,000.00"
Jeremy Pena,SS,HOU                  HOU,28,2026,2026,1,"$9,475,000.00","$9,475,000.00"
William Contreras,C,MIL                  MIL,28,2026,2026,1,"$9,400,000.00","$9,400,000.00"
Isaac Paredes,3B,HOU                  HOU,26,2026,2027,1,"$9,350,000.00","$9,350,000.00"
David Bednar,RP,NYY                  NYY,31,2026,2026,1,"$9,000,000.00","$9,000,000.00"
Gunnar Henderson,SS,BAL                  BAL,24,2026,2026,1,"$8,500,000.00","$8,500,000.00"
Drew Rasmussen,SP,TB                  TB,29,2025,2027,2,"$8,500,000.00","$4,250,000.00"
David Peterson,SP,NYM                  NYM,30,2026,2026,1,"$8,100,000.00","$8,100,000.00"
Michael Lorenzen,SP,COL                  COL,34,2026,2027,1,"$8,000,000.00","$8,000,000.00"
Jonathan India,2B,KC                  KC,28,2026,2026,1,"$8,000,000.00","$8,000,000.00"
Gregory Soto,RP,PIT                  PIT,30,2026,2026,1,"$7,750,000.00","$7,750,000.00"
Steven Kwan,LF,CLE                  CLE,28,2026,2026,1,"$7,725,000.00","$7,725,000.00"
Jarren Duran,LF,BOS                  BOS,29,2026,2026,1,"$7,700,000.00","$7,700,000.00"
Andrew Vaughn,1B,MIL                  MIL,27,2026,2026,1,"$7,650,000.00","$7,650,000.00"
Jhoan Duran,RP,PHI                  PHI,28,2026,2026,1,"$7,500,000.00","$7,500,000.00"
Michael Soroka,RP,ARI                  ARI,28,2026,2027,1,"$7,500,000.00","$7,500,000.00"
Matt Strahm,RP,KC                  KC,32,2025,2026,1,"$7,500,000.00","$7,500,000.00"
Andres Munoz,RP,SEA                  SEA,22,2022,2028,4,"$7,500,000.00","$1,875,000.00"
Adley Rutschman,C,BAL                  BAL,27,2026,2026,1,"$7,250,000.00","$7,250,000.00"
Josh Bell,1B,MIN                  MIN,33,2026,2027,1,"$7,000,000.00","$7,000,000.00"
Drew Anderson,SP,DET                  DET,31,2026,2027,1,"$7,000,000.00","$7,000,000.00"
Cedric Mullins,CF,TB                  TB,31,2026,2027,1,"$7,000,000.00","$7,000,000.00"
Luis Garcia,2B,WSH                  WSH,25,2026,2026,1,"$6,875,000.00","$6,875,000.00"
Tyler Stephenson,C,CIN                  CIN,29,2026,2026,1,"$6,800,000.00","$6,800,000.00"
Jesús Sánchez,LF,TOR                  TOR,28,2026,2026,1,"$6,800,000.00","$6,800,000.00"
Ryan Mountcastle,1B,BAL                  BAL,28,2026,2026,1,"$6,787,000.00","$6,787,000.00"
Justin Steele,SP,CHC                  CHC,30,2026,2026,1,"$6,775,000.00","$6,775,000.00"
Ryan Jeffers,C,MIN                  MIN,28,2026,2026,1,"$6,700,000.00","$6,700,000.00"
Jason Adam,RP,SD                  SD,34,2026,2026,1,"$6,675,000.00","$6,675,000.00"
George Kirby,SP,SEA                  SEA,27,2026,2026,1,"$6,550,000.00","$6,550,000.00"
Evan Phillips,RP,LAD                  LAD,31,2026,2026,1,"$6,500,000.00","$6,500,000.00"
Pierce Johnson,RP,CIN                  CIN,34,2026,2027,1,"$6,500,000.00","$6,500,000.00"
Colin Rea,SP,CHC                  CHC,35,2026,2027,1,"$6,500,000.00","$6,500,000.00"
Rob Refsnyder,RF,SEA                  SEA,34,2026,2026,1,"$6,250,000.00","$6,250,000.00"
Joe Ryan,SP,MIN                  MIN,29,2026,2027,1,"$6,200,000.00","$6,200,000.00"
Trevor Rogers,SP,BAL                  BAL,28,2026,2026,1,"$6,200,000.00","$6,200,000.00"
Kris Bubic,SP,KC                  KC,28,2026,2026,1,"$6,150,000.00","$6,150,000.00"
Casey Mize,SP,DET                  DET,28,2026,2026,1,"$6,150,000.00","$6,150,000.00"
Camilo Doval,RP,NYY                  NYY,28,2026,2026,1,"$6,100,000.00","$6,100,000.00"
Mauricio Dubon,2B,ATL                  ATL,31,2026,2026,1,"$6,100,000.00","$6,100,000.00"
Jose Quintana,SP,COL                  COL,37,2026,2026,1,"$6,000,000.00","$6,000,000.00"
Aaron Civale,RP,ATH                  ATH,30,2026,2026,1,"$6,000,000.00","$6,000,000.00"
Isiah Kiner-Falefa,SS,BOS                  BOS,30,2026,2026,1,"$6,000,000.00","$6,000,000.00"
Austin Hays,LF,CHW                  CHW,30,2026,2027,1,"$6,000,000.00","$6,000,000.00"
Hunter Harvey,RP,CHC                  CHC,31,2026,2026,1,"$6,000,000.00","$6,000,000.00"
Bryson Stott,2B,PHI                  PHI,28,2026,2026,1,"$5,900,000.00","$5,900,000.00"
Bryan Abreu,RP,HOU                  HOU,28,2026,2026,1,"$5,850,000.00","$5,850,000.00"
Brendan Donovan,2B,SEA                  SEA,28,2026,2026,1,"$5,800,000.00","$5,800,000.00"
Dean Kremer,SP,BAL                  BAL,30,2026,2026,1,"$5,750,000.00","$5,750,000.00"
Hunter Brown,SP,HOU                  HOU,27,2026,2026,1,"$5,710,000.00","$5,710,000.00"
MacKenzie Gore,SP,TEX                  TEX,26,2026,2026,1,"$5,600,000.00","$5,600,000.00"
Gavin Lux,LF,TB                  TB,28,2026,2026,1,"$5,525,000.00","$5,525,000.00"
Shawn Armstrong,RP,CLE                  CLE,35,2026,2027,1,"$5,500,000.00","$5,500,000.00"
Foster Griffin,RP,WSH                  WSH,30,2026,2026,1,"$5,500,000.00","$5,500,000.00"
Lars Nootbaar,LF,STL                  STL,28,2026,2026,1,"$5,250,000.00","$5,250,000.00"
Shea Langeliers,C,ATH                  ATH,28,2026,2026,1,"$5,250,000.00","$5,250,000.00"
Lane Thomas,CF,KC                  KC,30,2026,2026,1,"$5,250,000.00","$5,250,000.00"
Jo Adell,CF,LAA                  LAA,26,2026,2026,1,"$5,200,000.00","$5,200,000.00"
Brandon Marsh,CF,PHI                  PHI,28,2026,2026,1,"$5,200,000.00","$5,200,000.00"
Bailey Ober,SP,MIN                  MIN,30,2026,2026,1,"$5,200,000.00","$5,200,000.00"
Tomoyuki Sugano,SP,COL                  COL,36,2026,2026,1,"$5,100,000.00","$5,100,000.00"
Riley Greene,LF,DET                  DET,25,2026,2026,1,"$5,000,000.00","$5,000,000.00"
Kirby Yates,RP,LAA                  LAA,38,2026,2026,1,"$5,000,000.00","$5,000,000.00"
Nick Lodolo,SP,CIN                  CIN,27,2026,2026,1,"$4,725,000.00","$4,725,000.00"
Trevor Megill,RP,MIL                  MIL,32,2026,2026,1,"$4,700,000.00","$4,700,000.00"
Ernie Clement,3B,TOR                  TOR,29,2026,2026,1,"$4,600,000.00","$4,600,000.00"
Enrique Hernandez,OF,LAD                  LAD,34,2026,2026,1,"$4,500,000.00","$4,500,000.00"
Yainer Diaz,C,HOU                  HOU,27,2026,2026,1,"$4,500,000.00","$4,500,000.00"
Gavin Sheets,DH,SD                  SD,29,2026,2026,1,"$4,500,000.00","$4,500,000.00"
Caleb Ferguson,RP,CIN                  CIN,29,2026,2026,1,"$4,500,000.00","$4,500,000.00"
Caleb Thielbar,RP,CHC                  CHC,38,2026,2027,1,"$4,500,000.00","$4,500,000.00"
Clarke Schmidt,SP,NYY                  NYY,29,2026,2026,1,"$4,500,000.00","$4,500,000.00"
Trevor Larnach,DH,MIN                  MIN,28,2026,2026,1,"$4,475,000.00","$4,475,000.00"
Edward Cabrera,SP,CHC                  CHC,27,2026,2026,1,"$4,450,000.00","$4,450,000.00"
Eric Lauer,RP,TOR                  TOR,30,2026,2026,1,"$4,400,000.00","$4,400,000.00"
Edmundo Sosa,3B,PHI                  PHI,29,2026,2026,1,"$4,400,000.00","$4,400,000.00"
JoJo Romero,RP,STL                  STL,29,2026,2026,1,"$4,260,000.00","$4,260,000.00"
Tyler Kinley,RP,ATL                  ATL,34,2026,2027,1,"$4,250,000.00","$4,250,000.00"
CJ Abrams,SS,WSH                  WSH,25,2026,2026,1,"$4,200,000.00","$4,200,000.00"
Zach McKinstry,3B,DET                  DET,30,2026,2026,1,"$4,200,000.00","$4,200,000.00"
Tanner Houck,SP,BOS                  BOS,29,2026,2026,1,"$4,150,000.00","$4,150,000.00"
Zach Neto,SS,LAA                  LAA,24,2026,2026,1,"$4,150,000.00","$4,150,000.00"
Brice Turang,2B,MIL                  MIL,26,2026,2026,1,"$4,150,000.00","$4,150,000.00"
Spencer Torkelson,1B,DET                  DET,26,2026,2026,1,"$4,075,000.00","$4,075,000.00"
Chris Paddack,RP,MIA                  MIA,30,2026,2026,1,"$4,000,000.00","$4,000,000.00"
Paul Goldschmidt,1B,NYY                  NYY,38,2026,2026,1,"$4,000,000.00","$4,000,000.00"
Miguel Andujar,OF,SD                  SD,30,2026,2027,1,"$4,000,000.00","$4,000,000.00"
Yoan Moncada,3B,LAA                  LAA,30,2026,2026,1,"$4,000,000.00","$4,000,000.00"
Jake Junis,RP,TEX                  TEX,33,2026,2027,1,"$4,000,000.00","$4,000,000.00"
Mason Miller,RP,SD                  SD,27,2026,2026,1,"$4,000,000.00","$4,000,000.00"
Spencer Steer,1B,CIN                  CIN,28,2026,2026,1,"$4,000,000.00","$4,000,000.00"
Andre Pallante,SP,STL                  STL,27,2026,2026,1,"$4,000,000.00","$4,000,000.00"
Mickey Moniak,CF,COL                  COL,27,2026,2026,1,"$4,000,000.00","$4,000,000.00"
Drew Pomeranz,RP,LAA                  LAA,37,2026,2026,1,"$4,000,000.00","$4,000,000.00"
Chris Martin,RP,TEX                  TEX,39,2026,2026,1,"$4,000,000.00","$4,000,000.00"
Austin Hedges,C,CLE                  CLE,33,2026,2026,1,"$4,000,000.00","$4,000,000.00"
Ramon Laureano,LF,SD                  SD,30,2025,2026,1,"$4,000,000.00","$4,000,000.00"
Will Vest,RP,DET                  DET,30,2026,2026,1,"$3,950,000.00","$3,950,000.00"
Ryan Thompson,RP,ARI                  ARI,33,2026,2026,1,"$3,950,000.00","$3,950,000.00"
Adrian Morejon,RP,SD                  SD,26,2026,2026,1,"$3,900,000.00","$3,900,000.00"
T.J. Friedl,CF,CIN                  CIN,30,2026,2026,1,"$3,800,000.00","$3,800,000.00"
Tyrone Taylor,CF,NYM                  NYM,31,2026,2026,1,"$3,800,000.00","$3,800,000.00"
Hoby Milner,RP,CHC                  CHC,34,2026,2026,1,"$3,750,000.00","$3,750,000.00"
John Schreiber,RP,KC                  KC,31,2026,2026,1,"$3,715,000.00","$3,715,000.00"
Bailey Falter,SP,KC                  KC,28,2026,2026,1,"$3,600,000.00","$3,600,000.00"
Shane McClanahan,SP,TB                  TB,28,2026,2026,1,"$3,600,000.00","$3,600,000.00"
Griffin Jax,RP,TB                  TB,31,2026,2026,1,"$3,565,000.00","$3,565,000.00"
Kyle Bradish,SP,BAL                  BAL,29,2026,2026,1,"$3,550,000.00","$3,550,000.00"
Jake Meyers,CF,HOU                  HOU,29,2026,2026,1,"$3,550,000.00","$3,550,000.00"
Luis Rengifo,2B,MIL                  MIL,28,2026,2027,1,"$3,500,000.00","$3,500,000.00"
Ryne Stanek,RP,STL                  STL,34,2026,2027,1,"$3,500,000.00","$3,500,000.00"
Shane Baz,SP,BAL                  BAL,26,2026,2026,1,"$3,500,000.00","$3,500,000.00"
Dennis Santana,RP,PIT                  PIT,29,2026,2026,1,"$3,500,000.00","$3,500,000.00"
Anthony Volpe,SS,NYY                  NYY,24,2026,2026,1,"$3,475,000.00","$3,475,000.00"
Alec Burleson,1B,STL                  STL,27,2026,2026,1,"$3,300,000.00","$3,300,000.00"
Oneil Cruz,CF,PIT                  PIT,27,2026,2026,1,"$3,300,000.00","$3,300,000.00"
Kerry Carpenter,RF,DET                  DET,28,2026,2026,1,"$3,275,000.00","$3,275,000.00"
Matt Vierling,RF,DET                  DET,29,2026,2026,1,"$3,255,000.00","$3,255,000.00"
Josh H. Smith,SS,TEX                  TEX,28,2026,2026,1,"$3,225,000.00","$3,225,000.00"
Jake Burger,1B,TEX                  TEX,29,2026,2026,1,"$3,200,000.00","$3,200,000.00"
A.J. Puk,RP,ARI                  ARI,30,2026,2026,1,"$3,100,000.00","$3,100,000.00"
Brenton Doyle,CF,COL                  COL,27,2026,2026,1,"$3,100,000.00","$3,100,000.00"
Jake Rogers,C,DET                  DET,30,2026,2026,1,"$3,050,000.00","$3,050,000.00"
Ryan Pepiot,SP,TB                  TB,28,2026,2026,1,"$3,025,000.00","$3,025,000.00"
Max Scherzer,SP,TOR                  TOR,41,2026,2026,1,"$3,000,000.00","$3,000,000.00"
Ryne Nelson,SP,ARI                  ARI,27,2026,2026,1,"$3,000,000.00","$3,000,000.00"
Jake Fraley,RF,TB                  TB,30,2026,2026,1,"$3,000,000.00","$3,000,000.00"
Keegan Akin,RP,BAL                  BAL,30,2026,2026,1,"$2,975,000.00","$2,975,000.00"
Jose Soriano,SP,LAA                  LAA,27,2026,2026,1,"$2,900,000.00","$2,900,000.00"
Josh Jung,3B,TEX                  TEX,27,2026,2026,1,"$2,900,000.00","$2,900,000.00"
Royce Lewis,3B,MIN                  MIN,26,2026,2026,1,"$2,850,000.00","$2,850,000.00"
Mark Leiter Jr.,RP,ATH                  ATH,34,2026,2026,1,"$2,850,000.00","$2,850,000.00"
Tim Hill,RP,NYY                  NYY,34,2025,2026,1,"$2,850,000.00","$2,850,000.00"
Anthony Bender,RP,MIA                  MIA,30,2026,2026,1,"$2,810,000.00","$2,810,000.00"
Jake Irvin,SP,WSH                  WSH,28,2026,2026,1,"$2,800,000.00","$2,800,000.00"
Brusdar Graterol,RP,LAD                  LAD,27,2026,2026,1,"$2,800,000.00","$2,800,000.00"
Kevin Ginkel,RP,ARI                  ARI,31,2026,2026,1,"$2,750,000.00","$2,750,000.00"
JP Sears,SP,SD                  SD,29,2026,2026,1,"$2,750,000.00","$2,750,000.00"
Kutter Crawford,SP,BOS                  BOS,29,2026,2026,1,"$2,750,000.00","$2,750,000.00"
James McCann,C,ARI                  ARI,35,2026,2026,1,"$2,750,000.00","$2,750,000.00"
Kyle Isbel,CF,KC                  KC,28,2026,2026,1,"$2,700,000.00","$2,700,000.00"
Jake Bauers,1B,MIL                  MIL,30,2026,2026,1,"$2,700,000.00","$2,700,000.00"
Nolan Gorman,3B,STL                  STL,25,2026,2026,1,"$2,655,000.00","$2,655,000.00"
Reid Detmers,RP,LAA                  LAA,26,2026,2026,1,"$2,625,000.00","$2,625,000.00"
Logan O'Hoppe,C,LAA                  LAA,25,2026,2026,1,"$2,625,000.00","$2,625,000.00"
Dietrich Enns,RP,BAL                  BAL,34,2026,2027,1,"$2,625,000.00","$2,625,000.00"
Josh Lowe,RF,LAA                  LAA,27,2026,2026,1,"$2,600,000.00","$2,600,000.00"
Ryan Weiss,P,HOU                  HOU,28,2026,2027,1,"$2,600,000.00","$2,600,000.00"
Gabriel Moreno,C,ARI                  ARI,25,2026,2026,1,"$2,550,000.00","$2,550,000.00"
Nick Fortes,C,TB                  TB,29,2026,2026,1,"$2,535,000.00","$2,535,000.00"
Joey Bart,C,PIT                  PIT,29,2026,2026,1,"$2,530,000.00","$2,530,000.00"
Griffin Canning,SP,SD                  SD,29,2026,2027,1,"$2,500,000.00","$2,500,000.00"
Shelby Miller,RP,CHC                  CHC,35,2026,2027,2,"$2,500,000.00","$1,250,000.00"
Tylor Megill,SP,NYM                  NYM,30,2026,2026,1,"$2,500,000.00","$2,500,000.00"
Amed Rosario,SS,NYY                  NYY,30,2026,2026,1,"$2,500,000.00","$2,500,000.00"
Ryan Yarbrough,RP,NYY                  NYY,33,2026,2026,1,"$2,500,000.00","$2,500,000.00"
Bryce Miller,SP,SEA                  SEA,27,2026,2027,1,"$2,452,500.00","$2,452,500.00"
Tyler Wells,SP,BAL                  BAL,31,2026,2026,1,"$2,450,000.00","$2,450,000.00"
Ryan Feltner,SP,COL                  COL,29,2026,2026,1,"$2,450,000.00","$2,450,000.00"
Francisco Alvarez,C,NYM                  NYM,24,2026,2026,1,"$2,400,000.00","$2,400,000.00"
Garrett Cleavinger,RP,TB                  TB,31,2026,2026,1,"$2,400,000.00","$2,400,000.00"
Brock Burke,RP,CIN                  CIN,29,2026,2026,1,"$2,325,000.00","$2,325,000.00"
Steven Okert,RP,HOU                  HOU,34,2026,2026,1,"$2,325,000.00","$2,325,000.00"
Matt McLain,2B,CIN                  CIN,26,2026,2026,1,"$2,300,000.00","$2,300,000.00"
Luis Torrens,C,NYM                  NYM,29,2026,2026,1,"$2,275,000.00","$2,275,000.00"
Matthew Liberatore,SP,STL                  STL,26,2026,2026,1,"$2,260,000.00","$2,260,000.00"
Miles Mikolas,SP,WSH                  WSH,37,2026,2026,1,"$2,250,000.00","$2,250,000.00"
Pavin Smith,DH,ARI                  ARI,29,2026,2026,1,"$2,250,000.00","$2,250,000.00"
Joel Payamps,RP,ATL                  ATL,31,2026,2026,1,"$2,250,000.00","$2,250,000.00"
Félix Bautista,RP,BAL                  BAL,30,2026,2026,1,"$2,250,000.00","$2,250,000.00"
Dylan Lee,RP,ATL                  ATL,31,2026,2026,1,"$2,200,000.00","$2,200,000.00"
Luis Gil,SP,NYY                  NYY,27,2026,2026,1,"$2,162,500.00","$2,162,500.00"
Gabe Speier,RP,SEA                  SEA,30,2026,2026,1,"$2,125,000.00","$2,125,000.00"
Freddy Fermin,C,SD                  SD,30,2026,2026,1,"$2,100,000.00","$2,100,000.00"
Luke Raley,1B,SEA                  SEA,31,2026,2026,1,"$2,050,000.00","$2,050,000.00"
Ramon Urias,2B,STL                  STL,31,2026,2026,1,"$2,000,000.00","$2,000,000.00"
Scott Barlow,RP,ATH                  ATH,33,2026,2026,1,"$2,000,000.00","$2,000,000.00"
Carlos Santana,1B,ARI                  ARI,39,2026,2026,1,"$2,000,000.00","$2,000,000.00"
Taylor Rogers,RP,MIN                  MIN,35,2026,2026,1,"$2,000,000.00","$2,000,000.00"
José Caballero,SS,NYY                  NYY,29,2026,2026,1,"$2,000,000.00","$2,000,000.00"
Paul Blackburn,RP,NYY                  NYY,32,2026,2026,1,"$2,000,000.00","$2,000,000.00"
Jordan Romano,RP,LAA                  LAA,32,2026,2026,1,"$2,000,000.00","$2,000,000.00"
Jason Foley,RP,SF                  SF,30,2026,2026,1,"$2,000,000.00","$2,000,000.00"
Christopher Morel,LF,MIA                  MIA,26,2026,2026,1,"$2,000,000.00","$2,000,000.00"
Nolan Jones,RF,CLE                  CLE,27,2026,2026,1,"$2,000,000.00","$2,000,000.00"
Leody Taveras,CF,BAL                  BAL,27,2026,2026,1,"$2,000,000.00","$2,000,000.00"
Alek Thomas,CF,ARI                  ARI,25,2026,2026,1,"$1,962,500.00","$1,962,500.00"
Alek Manoah,SP,LAA                  LAA,27,2026,2026,1,"$1,950,000.00","$1,950,000.00"
Nick Mears,RP,KC                  KC,29,2026,2026,1,"$1,900,000.00","$1,900,000.00"
Brooks Raley,RP,NYM                  NYM,36,2025,2026,1,"$1,850,000.00","$1,850,000.00"
JT Brubaker,RP,SF                  SF,32,2026,2026,1,"$1,820,000.00","$1,820,000.00"
Calvin Faucher,RP,MIA                  MIA,30,2026,2026,1,"$1,800,000.00","$1,800,000.00"
Javier Assad,RP,CHC                  CHC,28,2026,2026,1,"$1,800,000.00","$1,800,000.00"
Tony Santillan,RP,CIN                  CIN,28,2026,2026,1,"$1,800,000.00","$1,800,000.00"
Germán Márquez,SP,SD                  SD,30,2026,2027,1,"$1,750,000.00","$1,750,000.00"
Gary Sánchez,C,MIL                  MIL,33,2026,2026,1,"$1,750,000.00","$1,750,000.00"
Graham Ashcraft,RP,CIN                  CIN,27,2026,2026,1,"$1,750,000.00","$1,750,000.00"
Luis Garcia,RP,NYM                  NYM,38,2026,2026,1,"$1,750,000.00","$1,750,000.00"
Will Benson,RF,CIN                  CIN,27,2026,2026,1,"$1,725,000.00","$1,725,000.00"
Triston Casas,1B,BOS                  BOS,25,2026,2026,1,"$1,610,000.00","$1,610,000.00"
Yennier Cano,RP,BAL                  BAL,31,2026,2026,1,"$1,600,000.00","$1,600,000.00"
Alex Call,LF,LAD                  LAD,31,2026,2026,1,"$1,600,000.00","$1,600,000.00"
Romy Gonzalez,2B,BOS                  BOS,29,2026,2026,1,"$1,600,000.00","$1,600,000.00"
Enyel De Los Santos,RP,HOU                  HOU,29,2026,2026,1,"$1,600,000.00","$1,600,000.00"
Tyler Holton,RP,DET                  DET,29,2026,2026,1,"$1,575,000.00","$1,575,000.00"
Michael Massey,2B,KC                  KC,27,2026,2026,1,"$1,570,000.00","$1,570,000.00"
Taylor Clarke,RP,ARI                  ARI,32,2026,2026,1,"$1,550,000.00","$1,550,000.00"
Matt Brash,RP,SEA                  SEA,27,2026,2026,1,"$1,550,000.00","$1,550,000.00"
Jimmy Herget,RP,COL                  COL,32,2026,2026,1,"$1,550,000.00","$1,550,000.00"
Johan Oviedo,SP,BOS                  BOS,27,2026,2026,1,"$1,550,000.00","$1,550,000.00"
Braxton Garrett,SP,MIA                  MIA,28,2026,2026,1,"$1,530,000.00","$1,530,000.00"
Edwin Uceta,RP,TB                  TB,28,2026,2026,1,"$1,525,000.00","$1,525,000.00"
Jake McCarthy,CF,COL                  COL,28,2026,2026,1,"$1,525,000.00","$1,525,000.00"
Tyler Freeman,2B,COL                  COL,26,2026,2026,1,"$1,525,000.00","$1,525,000.00"
Steven Wilson,RP,TB                  TB,31,2026,2026,1,"$1,520,000.00","$1,520,000.00"
Paul Sewald,RP,ARI                  ARI,35,2026,2026,1,"$1,500,000.00","$1,500,000.00"
John King,RP,MIA                  MIA,31,2026,2026,1,"$1,500,000.00","$1,500,000.00"
Erick Fedde,RP,CHW                  CHW,32,2026,2026,1,"$1,500,000.00","$1,500,000.00"
MJ Melendez,LF,NYM                  NYM,27,2026,2026,1,"$1,500,000.00","$1,500,000.00"
José Urquidy,SP,PIT                  PIT,30,2026,2026,1,"$1,500,000.00","$1,500,000.00"
Colin Holderman,RP,CLE                  CLE,30,2026,2026,1,"$1,500,000.00","$1,500,000.00"
Jacob Webb,RP,CHC                  CHC,32,2026,2027,1,"$1,500,000.00","$1,500,000.00"
Fernando Cruz,RP,NYY                  NYY,35,2026,2026,1,"$1,450,000.00","$1,450,000.00"
Nick Allen,SS,HOU                  HOU,27,2026,2026,1,"$1,400,000.00","$1,400,000.00"
J.J. Bleday,LF,CIN                  CIN,28,2026,2026,1,"$1,400,000.00","$1,400,000.00"
Sam Hentges,RP,SF                  SF,29,2026,2026,1,"$1,400,000.00","$1,400,000.00"
Taylor Walls,SS,TB                  TB,28,2025,2027,1,"$1,400,000.00","$1,400,000.00"
Ezequiel Duran,2B,TEX                  TEX,26,2026,2026,1,"$1,375,000.00","$1,375,000.00"
David Fry,C,CLE                  CLE,30,2026,2026,1,"$1,375,000.00","$1,375,000.00"
Connor Wong,C,BOS                  BOS,29,2026,2026,1,"$1,375,000.00","$1,375,000.00"
Ryan Weathers,SP,NYY                  NYY,26,2026,2026,1,"$1,350,000.00","$1,350,000.00"
Alex Jackson,C,MIN                  MIN,30,2026,2026,1,"$1,350,000.00","$1,350,000.00"
Josiah Gray,SP,WSH                  WSH,27,2026,2026,1,"$1,350,000.00","$1,350,000.00"
Nate Pearson,RP,HOU                  HOU,29,2026,2026,1,"$1,350,000.00","$1,350,000.00"
Brock Stewart,RP,LAD                  LAD,34,2026,2026,1,"$1,300,000.00","$1,300,000.00"
Reed Garrett,RP,NYM                  NYM,33,2026,2026,1,"$1,300,000.00","$1,300,000.00"
Bryan Baker,RP,TB                  TB,31,2026,2026,1,"$1,275,000.00","$1,275,000.00"
Jordan Montgomery,SP,TEX                  TEX,33,2026,2026,1,"$1,250,000.00","$1,250,000.00"
Jonah Heim,C,ATL                  ATL,30,2026,2026,1,"$1,250,000.00","$1,250,000.00"
Brent Suter,RP,LAA                  LAA,36,2026,2026,1,"$1,250,000.00","$1,250,000.00"
Tyler Austin,1B,CHC                  CHC,34,2026,2026,1,"$1,250,000.00","$1,250,000.00"
Akil Baddoo,LF,MIL                  MIL,27,2026,2026,1,"$1,250,000.00","$1,250,000.00"
Sam Haggerty,2B,TEX                  TEX,31,2026,2026,1,"$1,250,000.00","$1,250,000.00"
Jack Suwinski,CF,LAD                  LAD,27,2026,2026,1,"$1,250,000.00","$1,250,000.00"
Ben Rortvedt,C,NYM                  NYM,28,2026,2026,1,"$1,250,000.00","$1,250,000.00"
Tyler Heineman,C,TOR                  TOR,34,2026,2026,1,"$1,237,500.00","$1,237,500.00"
Justin Lawrence,RP,PIT                  PIT,31,2026,2026,1,"$1,225,000.00","$1,225,000.00"
Justin Topa,RP,MIN                  MIN,34,2026,2027,1,"$1,225,000.00","$1,225,000.00"
Andy Ibanez,2B,ATH                  ATH,32,2026,2026,1,"$1,200,000.00","$1,200,000.00"
Tanner Banks,RP,PHI                  PHI,34,2026,2026,1,"$1,200,000.00","$1,200,000.00"
Oswaldo Cabrera,3B,NYY                  NYY,26,2026,2026,1,"$1,200,000.00","$1,200,000.00"
Kyle Hart,RP,SD                  SD,32,2026,2027,1,"$1,200,000.00","$1,200,000.00"
Beau Brieske,RP,DET                  DET,27,2026,2026,1,"$1,157,500.00","$1,157,500.00"
Tyler Alexander,RP,TEX                  TEX,31,2026,2026,1,"$1,125,000.00","$1,125,000.00"
Cole Sands,RP,MIN                  MIN,28,2026,2026,1,"$1,100,000.00","$1,100,000.00"
Austin Wynns,C,ATH                  ATH,34,2026,2026,1,"$1,100,000.00","$1,100,000.00"
Angel Zerpa,RP,MIL                  MIL,26,2026,2026,1,"$1,095,000.00","$1,095,000.00"
Huascar Brazoban,RP,NYM                  NYM,36,2026,2026,1,"$1,050,000.00","$1,050,000.00"
Ian Hamilton,RP,ATL                  ATL,30,2026,2026,1,"$1,050,000.00","$1,050,000.00"
Cole Sulser,RP,TB                  TB,35,2026,2026,1,"$1,050,000.00","$1,050,000.00"
Daniel Lynch,RP,KC                  KC,29,2026,2026,1,"$1,025,000.00","$1,025,000.00"
Starling Marte,RF,KC                  KC,37,2026,2026,1,"$1,000,000.00","$1,000,000.00"
Jorge Mateo,SS,ATL                  ATL,30,2026,2026,1,"$1,000,000.00","$1,000,000.00"
Andrew Knizner,C,SEA                  SEA,30,2026,2026,1,"$1,000,000.00","$1,000,000.00"
Alexis Diaz,RP,TEX                  TEX,29,2026,2026,1,"$1,000,000.00","$1,000,000.00"
Matt Festa,RP,CLE                  CLE,32,2026,2026,1,"$1,000,000.00","$1,000,000.00"
Max Meyer,SP,MIA                  MIA,26,2026,2026,1,"$980,000.00","$980,000.00"
Jake Bird,RP,NYY                  NYY,30,2026,2026,1,"$975,000.00","$975,000.00"
Hayden Wesneski,SP,HOU                  HOU,28,2026,2026,1,"$975,000.00","$975,000.00"
Garrett Stubbs,C,PHI                  PHI,32,2026,2026,1,"$975,000.00","$975,000.00"
Garrett Mitchell,CF,MIL                  MIL,27,2026,2026,1,"$950,000.00","$950,000.00"
Richard Palacios,OF,TB                  TB,28,2026,2026,1,"$945,000.00","$945,000.00"
Brennan Bernardino,RP,COL                  COL,33,2026,2026,1,"$925,000.00","$925,000.00"
Kevin Kelly,RP,TB                  TB,28,2026,2026,1,"$925,000.00","$925,000.00"
Danny Young,RP,ATL                  ATL,31,2026,2026,1,"$925,000.00","$925,000.00"
Bennett Sousa,RP,HOU                  HOU,30,2026,2026,1,"$910,000.00","$910,000.00"
Will Brennan,RF,SF                  SF,28,2026,2026,1,"$900,000.00","$900,000.00"
Zach Pop,RP,PHI                  PHI,29,2026,2026,1,"$900,000.00","$900,000.00"
Connor Brogdon,RP,CLE                  CLE,30,2026,2026,1,"$900,000.00","$900,000.00"
Luis Campusano,C,SD                  SD,27,2026,2026,1,"$900,000.00","$900,000.00"
Derek Hill,CF,CHW                  CHW,29,2026,2026,1,"$900,000.00","$900,000.00"
Eli White,OF,ATL                  ATL,31,2026,2026,1,"$900,000.00","$900,000.00"
José Suarez,RP,ATL                  ATL,27,2026,2026,1,"$900,000.00","$900,000.00"
Joey Wentz,SP,ATL                  ATL,28,2026,2026,1,"$900,000.00","$900,000.00"
Alex Lange,RP,KC                  KC,30,2026,2026,1,"$900,000.00","$900,000.00"
Rico Garcia,RP,BAL                  BAL,31,2026,2026,1,"$900,000.00","$900,000.00"
Rowan Wick,RP,SF                  SF,33,2026,2027,1,"$880,000.00","$880,000.00"
Sam Moll,RP,CIN                  CIN,33,2026,2026,1,"$875,000.00","$875,000.00"
Cade Cavalli,SP,WSH                  WSH,27,2026,2027,1,"$870,000.00","$870,000.00"
Rafael Marchán,C,PHI                  PHI,26,2026,2026,1,"$860,000.00","$860,000.00"
Luis Medina,SP,ATH                  ATH,26,2026,2026,1,"$835,000.00","$835,000.00"
Ken Waldichuk,SP,WSH                  WSH,27,2026,2026,1,"$825,000.00","$825,000.00"
Yohan Ramirez,RP,PIT                  PIT,30,2026,2026,1,"$825,000.00","$825,000.00"
Jackson Jobe,SP,DET                  DET,23,2026,2026,1,"$820,000.00","$820,000.00"
James McArthur,RP,KC                  KC,28,2026,2026,1,"$810,000.00","$810,000.00"
Andrew Nardi,RP,MIA                  MIA,27,2026,2026,1,"$800,000.00","$800,000.00"
Cooper Criswell,RP,SEA                  SEA,29,2026,2026,1,"$800,000.00","$800,000.00"
Nolan McLean,SP,NYM                  NYM,24,2026,2026,1,"$791,500.00","$791,500.00"
Nick Castellanos,RF,SD                  SD,33,2026,2026,1,"$780,000.00","$780,000.00"
Daison Acosta,P,SD                  SD,27,2026,2026,1,"$780,000.00","$780,000.00"
Jonah Tong,SP,NYM                  NYM,22,2026,2026,1,"$780,000.00","$780,000.00"
Ty Adcock,RP,SD                  SD,28,2026,2026,1,,
Yohel Pozo,C,STL                  STL,28,2026,2026,1,,