Rk,Player,Age,Team,Lg,PA,Rbat,Rbaser,Rdp,Rfield,Rpos,RAA,WAA,Rrep,RAR,WAR,waaWL%,162WL%,oWAR,dWAR,oRAR,Pos,Awards,Player-additional
1,Aaron Judge,33,NYY,AL,679,82,-1,-2,3,-8,74,7.6,22,96,9.7,0.550,0.546,9.4,-0.5,93,9D/H,ASMVP-1SS,judgeaa01
2,Cal Raleigh#,28,SEA,AL,705,50,-2,0,-4,6,50,5.2,23,73,7.4,0.532,0.531,7.7,0.2,77,*2D/H,ASMVP-2SS,raleica01
3,Bobby Witt Jr.,25,KCR,AL,687,27,6,2,3,9,47,4.9,23,70,7.1,0.531,0.530,6.7,1.3,67,*6/D,ASMVP-4GGSS,wittbo02
4,Geraldo Perdomo#,25,ARI,NL,720,33,3,0,3,10,48,4.8,23,72,7.0,0.530,0.530,6.8,1.3,68,*6/H,MVP-4SS,perdoge01
5,Julio Rodríguez,24,SEA,AL,710,26,2,1,9,5,43,4.6,23,66,6.8,0.528,0.528,5.8,1.5,57,*8/DH,ASMVP-6,rodriju01
6,Shohei Ohtani*,30,LAD,NL,727,62,0,1,0,-16,47,4.7,23,70,6.6,0.530,0.529,6.7,-1.7,70,*D1,ASMVP-1SS,ohtansh01
7,Nico Hoerner,28,CHC,NL,649,13,1,3,17,6,40,4.1,22,62,6.2,0.526,0.525,4.5,2.3,45,*4/6,MVP-19GG,hoernni01
8,Corey Seager*,31,TEX,AL,445,26,-2,-1,16,6,45,4.7,15,60,6.2,0.546,0.529,4.4,2.3,44,6/D,,seageco01
9,Juan Soto*,26,NYM,NL,715,51,2,0,-7,-5,41,4.1,23,64,6.2,0.526,0.525,7.0,-1.3,71,*9/D,MVP-3SS,sotoju01
10,Pete Crow-Armstrong*,23,CHC,NL,647,13,4,2,15,5,38,3.9,22,60,6.0,0.525,0.524,4.4,2.0,45,*8/HD,ASMVP-9GG,crowape01
11,Matt Olson*,31,ATL,NL,724,31,-1,-1,17,-8,38,3.9,23,61,6.0,0.524,0.524,4.3,1.0,44,*3,ASMVP-18GG,olsonma02
12,Francisco Lindor#,31,NYM,NL,732,24,4,0,-1,10,37,3.7,23,60,5.9,0.523,0.523,6.0,0.9,61,*6/DH,ASMVP-10,lindofr01
13,Fernando Tatis Jr.,26,SDP,NL,691,23,4,1,15,-5,38,3.8,22,60,5.9,0.525,0.524,4.4,1.0,45,*9/D,ASMVP-8GG,tatisfe02
14,Corbin Carroll*,24,ARI,NL,642,28,5,2,8,-4,38,3.9,21,59,5.8,0.527,0.524,5.0,0.4,51,*9/8DH,ASMVP-6SS,carroco02
15,Maikel Garcia,25,KCR,AL,666,18,2,-1,10,5,33,3.6,23,56,5.8,0.522,0.522,4.7,1.6,46,*564/8DH9,ASMVP-14GG,garcima01
16,José Ramírez#,32,CLE,AL,673,25,7,0,0,1,34,3.6,23,57,5.8,0.522,0.522,5.7,0.2,57,*5D,ASMVP-3SS,ramirjo01
17,Wyatt Langford,23,TEX,AL,573,19,2,0,16,-2,35,3.8,19,54,5.6,0.528,0.523,3.9,1.5,38,*78/H,,langfwy01
18,Jeremy Peña,27,HOU,AL,543,19,4,2,5,7,37,3.9,18,55,5.6,0.531,0.524,5.1,1.3,50,*6/HD,ASMVP-10,penaje02
19,Brice Turang*,25,MIL,NL,659,18,3,3,6,5,35,3.5,23,57,5.6,0.523,0.522,5.0,1.1,51,*4/H6,-MVP 14.00,turanbr02
20,Nick Kurtz*,22,ATH,AL,489,41,-1,0,2,-6,36,3.8,17,53,5.4,0.532,0.523,5.1,-0.4,51,*3/DH,MVP-12ROY-1SS,kurtzni01
21,Trea Turner,32,PHI,NL,639,18,6,0,2,8,35,3.5,20,56,5.4,0.525,0.522,5.3,1.1,53,*6/DH,-MVP 5.00,turnetr01
22,Gunnar Henderson*,24,BAL,AL,651,16,6,3,-3,8,30,3.2,22,52,5.3,0.520,0.519,5.6,0.6,55,*6/DH,,hendegu01
23,Cody Bellinger*,29,NYY,AL,656,17,1,2,11,-4,27,2.9,22,49,5.1,0.519,0.518,3.8,0.8,38,*798/3H,-MVP 14.00,bellico01
24,Zach Neto,24,LAA,AL,554,9,1,0,13,7,31,3.3,18,49,5.1,0.525,0.520,3.7,2.2,36,*6/H,,netoza01
25,Mookie Betts,32,LAD,NL,663,2,1,-1,17,9,28,2.9,22,50,4.9,0.519,0.518,3.2,2.6,33,*6/H9,,bettsmo01
26,Byron Buxton,31,MIN,AL,542,24,6,2,-5,3,30,3.1,18,48,4.9,0.524,0.519,5.4,-0.2,53,*8/D,ASMVP-11SS,buxtoby01
27,George Springer,35,TOR,AL,586,42,3,-2,-7,-9,28,2.9,20,48,4.8,0.520,0.518,5.5,-1.6,55,D978/H,MVP-7SS,springe01
28,Jarren Duran*,28,BOS,AL,696,14,2,1,9,-4,23,2.5,23,46,4.7,0.515,0.515,3.7,0.6,37,*78/H9D,,duranja01
29,Ceddanne Rafaela,24,BOS,AL,587,-5,3,1,21,5,25,2.7,20,45,4.7,0.517,0.516,2.4,2.8,24,*84/H,GG,rafaece01
30,Kyle Schwarber*,32,PHI,NL,724,41,1,1,-2,-16,24,2.5,23,48,4.7,0.515,0.515,4.9,-1.9,50,*D/7,ASMVP-2,schwaky01
31,Michael Busch*,27,CHC,NL,592,33,-3,1,2,-7,26,2.7,20,46,4.6,0.517,0.516,4.4,-0.5,44,*3H/D,-MVP 16.00,buschmi02
32,Vladimir Guerrero Jr.,26,TOR,AL,680,25,-2,-1,8,-9,22,2.4,23,45,4.6,0.515,0.514,3.7,0.0,37,*3D/H,ASMVP-13,guerrvl02
33,Kyle Tucker*,28,CHC,NL,597,30,3,0,-1,-5,27,2.7,20,47,4.6,0.520,0.517,4.7,-0.7,48,*9D/H,ASSS,tuckeky01
34,Will Smith,30,LAD,NL,436,26,-1,0,-2,7,31,3.1,15,45,4.5,0.528,0.519,4.7,0.5,47,2H/D,ASMVP-20,smithwi05
35,Dansby Swanson,31,CHC,NL,645,6,-1,2,7,9,24,2.4,22,46,4.5,0.515,0.515,3.8,1.7,39,*6,,swansda01
36,Junior Caminero,21,TBR,AL,653,26,0,-5,-5,4,21,2.2,22,43,4.4,0.514,0.513,4.9,-0.1,48,*5/DH3,ASMVP-9,caminju01
37,Ketel Marte#,31,ARI,NL,556,27,-3,-1,1,2,26,2.7,18,45,4.4,0.521,0.516,4.3,0.3,43,4D/H,ASMVP-22SS,marteke01
38,Ernie Clement,29,TOR,AL,588,-6,1,0,22,5,22,2.4,20,42,4.3,0.515,0.514,1.9,2.9,20,5463H,,clemeer01
39,Tyler Soderstrom*,23,ATH,AL,624,18,1,-1,9,-6,20,2.2,21,41,4.3,0.513,0.513,3.3,0.3,32,73H/D,,soderty01
40,Jazz Chisholm Jr.*,27,NYY,AL,531,16,3,1,-2,4,23,2.4,18,41,4.2,0.518,0.515,4.3,0.3,43,45/H,ASSS,chishja01
41,Matt Chapman,32,SFG,NL,535,14,2,0,5,3,24,2.4,18,42,4.1,0.519,0.515,3.6,0.9,37,*5,,chapmma01
42,Manny Machado,32,SDP,NL,678,12,2,-1,3,3,19,1.9,23,42,4.1,0.512,0.512,3.8,0.6,39,*5D,ASMVP-16SS,machama01
43,Rafael Devers*,28,2TM,2LG,729,32,-3,-1,2,-13,18,1.9,24,42,4.1,0.512,0.506,3.9,-1.1,40,*D3/5H,,deverra01
43,Rafael Devers*,28,BOS,AL,334,20,-1,-1,0,-6,12,1.3,11,22,2.3,0.517,0.508,2.3,-0.6,22,D,,deverra01
43,Rafael Devers*,28,SFG,NL,395,13,-2,0,2,-6,6,0.7,13,19,1.9,0.507,0.504,1.7,-0.5,17,D3/5H,,deverra01
44,Randy Arozarena,30,SEA,AL,709,19,3,1,-1,-5,17,1.8,23,40,4.0,0.511,0.511,4.1,-0.6,41,*7/D,AS,arozara01
45,Ian Happ#,30,CHC,NL,663,17,-2,0,9,-5,19,2.0,22,41,4.0,0.513,0.512,3.1,0.4,32,*7/DH,GG,happia01
46,William Contreras,27,MIL,NL,659,13,-1,-1,0,8,18,1.8,22,40,3.9,0.512,0.511,3.9,0.8,40,*2D/37,,contrwi02
47,Shea Langeliers,27,ATH,AL,523,19,0,-1,-4,7,20,2.1,18,38,3.9,0.517,0.513,4.2,0.3,42,2D/H,,langesh01
48,Harrison Bader,31,2TM,2LG,501,10,-1,1,13,-1,22,2.3,17,39,3.9,0.516,0.508,2.6,1.4,26,*87H/9,,baderha01
48,Harrison Bader,31,MIN,AL,307,5,0,1,12,-2,15,1.7,10,26,2.7,0.517,0.510,1.4,1.1,14,78H/9,,baderha01
48,Harrison Bader,31,PHI,NL,194,5,-1,0,1,1,7,0.7,7,13,1.3,0.513,0.504,1.2,0.2,12,8/H,,baderha01
49,J.P. Crawford*,30,SEA,AL,654,9,-1,0,-3,9,14,1.6,22,37,3.8,0.510,0.509,4.0,0.7,40,*6/H,,crawfjp01
50,Andy Pages,24,LAD,NL,624,11,-2,0,8,1,17,1.7,21,38,3.8,0.511,0.511,3.0,0.8,30,*897,,pagesan01
51,Trevor Story,32,BOS,AL,654,4,7,3,-7,9,15,1.7,22,38,3.8,0.510,0.510,4.5,0.3,45,*6/HD,,storytr01
52,Ramón Laureano,30,2TM,2LG,488,19,0,-1,7,-5,20,2.2,17,37,3.8,0.516,0.508,3.0,0.3,30,*798/DH,,laurera01
52,Ramón Laureano,30,BAL,AL,290,15,0,-1,8,-3,19,2.0,10,29,3.0,0.524,0.512,2.1,0.5,21,97/DH8,,laurera01
52,Ramón Laureano,30,SDP,NL,198,4,0,0,-1,-1,2,0.2,7,8,0.8,0.503,0.501,0.9,-0.2,9,78/9HD,,laurera01
53,Willy Adames,29,SFG,NL,686,8,-1,0,-2,9,16,1.6,23,39,3.7,0.510,0.510,4.0,0.7,41,*6/D,,adamewi01
54,Hunter Goodman,25,COL,NL,579,16,1,-2,-1,4,18,1.8,20,38,3.7,0.513,0.511,3.8,0.3,39,2D/H,ASSS,goodmhu01
55,Steven Kwan*,27,CLE,AL,693,-5,0,1,22,-5,14,1.5,23,36,3.7,0.509,0.509,1.3,1.9,14,*7/D8,ASGG,kwanst01
56,James Wood*,22,WSN,NL,689,25,-3,-1,1,-7,15,1.6,23,38,3.7,0.510,0.510,3.6,-0.6,37,*7D/H,AS,woodja03
57,Elly De La Cruz#,23,CIN,NL,699,3,5,1,-5,9,14,1.4,23,37,3.6,0.509,0.509,4.1,0.4,42,*6/DH,ASMVP-23,delacel01
58,Carson Kelly,30,CHC,NL,421,10,-1,-1,6,7,22,2.2,14,36,3.6,0.520,0.514,3.0,1.3,30,2/HD,,kellyca02
59,Max Muncy*,34,LAD,NL,388,16,1,0,3,3,23,2.3,13,36,3.6,0.523,0.514,3.3,0.6,33,5H,,muncyma01
60,Kyle Stowers*,27,MIA,NL,457,25,0,-1,1,-5,21,2.1,16,37,3.6,0.518,0.513,3.5,-0.4,36,79H8/D,AS,stoweky01
61,Eugenio Suárez,33,2TM,2LG,657,20,-2,-1,-7,4,14,1.5,22,37,3.6,0.509,0.507,4.3,-0.4,44,*5/D3H,AS,suareeu01
61,Eugenio Suárez,33,ARI,NL,437,23,-2,0,-4,2,19,1.9,15,34,3.3,0.518,0.512,3.7,-0.2,38,5/DH3,,suareeu01
61,Eugenio Suárez,33,SEA,AL,220,-3,1,-1,-3,1,-4,-0.4,8,3,0.3,0.492,0.497,0.6,-0.2,6,5/3,,suareeu01
62,Jonathan Aranda*,27,TBR,AL,422,22,-3,-2,7,-5,20,2.1,14,34,3.5,0.520,0.513,2.8,0.2,27,3DH,AS,arandjo01
63,Bo Bichette,27,TOR,AL,628,23,-2,-2,-12,8,14,1.6,20,35,3.5,0.511,0.509,4.7,-0.4,46,*6/DH,-MVP 16.00,bichebo01
64,Alex Bregman,31,BOS,AL,495,17,-2,-1,1,3,18,1.9,16,34,3.5,0.516,0.511,3.3,0.5,33,*5/HD,AS,bregmal01
65,Freddie Freeman*,35,LAD,NL,627,30,-1,0,-7,-7,15,1.5,21,36,3.5,0.510,0.509,4.2,-1.4,43,*3/H,ASMVP-13,freemfr01
66,Trent Grisham*,28,NYY,AL,581,23,-1,0,-11,4,15,1.6,20,35,3.5,0.511,0.510,4.6,-0.7,46,*8/H,,grishtr01
67,Otto López,26,MIA,NL,594,-7,1,1,13,8,16,1.6,20,36,3.5,0.511,0.510,2.2,2.1,23,*64/HD,,lopezot01
68,CJ Abrams*,24,WSN,NL,635,8,2,2,-6,8,14,1.4,21,35,3.4,0.510,0.509,4.0,0.2,41,*6/HD,,abramcj01
69,Pete Alonso,30,NYM,NL,709,34,-1,-4,-9,-8,12,1.2,23,36,3.4,0.508,0.508,4.4,-1.8,45,*3/D,ASMVP-11SS,alonspe01
70,Yandy Díaz,33,TBR,AL,651,26,0,-1,-2,-12,12,1.3,22,33,3.4,0.508,0.508,3.6,-1.4,35,*D3,-MVP 18.00,diazya01
71,Drake Baldwin*,24,ATL,NL,446,15,-1,0,-3,6,18,1.8,15,33,3.3,0.515,0.511,3.6,0.3,36,2HD,ROY-1,baldwdr01
72,Colson Montgomery*,23,CHW,AL,284,10,-1,1,8,4,22,2.4,10,32,3.3,0.533,0.514,2.4,1.3,24,65/H,ROY-5,montgco01
73,Marcus Semien,34,TEX,AL,534,0,4,1,5,4,14,1.5,18,32,3.3,0.512,0.509,2.7,1.0,27,*4,GG,semiema01
74,Wilyer Abreu*,26,BOS,AL,417,5,0,0,15,-4,17,1.8,14,31,3.2,0.516,0.511,1.6,1.3,16,9H/D,GG,abreuwi02
75,Xavier Edwards#,25,MIA,NL,619,-5,2,2,9,6,13,1.3,20,33,3.2,0.510,0.508,2.3,1.5,24,46/HD,,edwarxa01
76,Roman Anthony*,21,BOS,AL,303,14,1,1,7,-3,20,2.2,10,31,3.1,0.530,0.513,2.4,0.4,23,97D/H,ROY-3,anthoro01
77,Brett Baty*,25,NYM,NL,432,7,-1,1,7,3,17,1.7,15,32,3.1,0.513,0.511,2.4,1.1,25,54H/D,,batybr01
78,Dillon Dingler,26,DET,AL,469,5,0,0,2,8,14,1.6,16,30,3.1,0.512,0.509,2.9,1.1,28,*2/HD,GG,dingldi01
79,Bryce Harper*,32,PHI,NL,580,18,2,2,-3,-6,13,1.3,19,32,3.1,0.510,0.508,3.4,-1.0,35,*3/D,,harpebr03
80,Matt Shaw,23,CHC,NL,437,-1,1,1,11,3,16,1.7,15,31,3.1,0.513,0.510,1.9,1.4,20,*5/H4,ROY-9,shawma01
81,Christian Yelich*,33,MIL,NL,644,16,3,3,1,-12,10,1.1,22,32,3.1,0.507,0.507,3.0,-1.2,31,*D7/H,-MVP 12.00,yelicch01
82,Josh Naylor*,28,2TM,2LG,604,20,2,-2,-1,-8,10,1.1,21,31,3.1,0.507,0.502,3.2,-0.9,32,*3D/H,,naylojo01
82,Josh Naylor*,28,ARI,NL,394,10,0,-2,-6,-5,-4,-0.4,13,9,0.8,0.496,0.497,1.5,-1.2,15,3D/H,,naylojo01
82,Josh Naylor*,28,SEA,AL,210,10,2,0,5,-3,14,1.5,7,22,2.2,0.528,0.509,1.7,0.3,16,3/DH,,naylojo01
83,Ronald Acuña Jr.,27,ATL,NL,412,29,2,0,-12,-3,17,1.7,14,31,3.0,0.518,0.510,4.2,-1.6,43,9/DH,AS,acunaro01
84,Sal Frelick*,25,MIL,NL,594,7,-1,3,6,-4,11,1.1,20,31,3.0,0.508,0.507,2.4,0.2,25,*98/H35,,frelisa01
85,Josh Smith*,27,TEX,AL,563,8,4,0,-4,2,10,1.1,19,29,3.0,0.507,0.506,3.3,-0.2,33,653HD/7948,,smithjo11
86,Jacob Wilson,23,ATH,AL,523,16,-1,-1,-10,7,12,1.3,18,30,3.0,0.510,0.507,4.0,-0.3,39,*6/D,ASMVP-18ROY-2,wilsoja05
87,Brandon Nimmo*,32,NYM,NL,652,10,0,0,3,-5,8,0.8,22,30,2.9,0.505,0.505,2.6,-0.2,27,*7/8DH,,nimmobr01
88,Myles Straw,30,TOR,AL,299,-4,4,0,18,0,17,1.9,10,28,2.9,0.513,0.511,0.9,1.9,9,*87H9/4,,strawmy01
89,Gleyber Torres,28,DET,AL,628,9,0,-1,-4,4,8,0.9,21,29,2.9,0.506,0.505,3.3,0.0,33,*4D/H,AS,torregl01
90,José Caballero,28,2TM,AL,370,0,3,1,10,2,16,1.7,13,28,2.9,0.513,0.505,1.8,1.3,18,6954H7/D81,,cabaljo01
90,José Caballero,28,TBR,AL,275,-5,2,1,8,1,8,0.9,9,17,1.8,0.510,0.505,0.9,1.0,9,6594H/78D1,,cabaljo01
90,José Caballero,28,NYY,AL,95,5,0,1,2,0,8,0.9,3,11,1.2,0.521,0.505,0.9,0.3,9,965/H47D,,cabaljo01
91,Caleb Durbin,25,MIL,NL,506,4,0,0,4,4,11,1.1,17,28,2.8,0.508,0.507,2.4,0.8,24,*54H/6,ROY-3,durbica01
92,Zach McKinstry*,30,DET,AL,511,6,4,2,-3,2,11,1.2,17,28,2.8,0.508,0.507,3.1,0.0,31,5697H/4D13,ASSS,mckinza01
93,Daulton Varsho*,28,TOR,AL,271,5,0,1,10,2,17,1.9,9,27,2.8,0.526,0.511,1.7,1.3,17,8/HD,,varshda01
94,Danny Jansen,30,2TM,2LG,337,2,-2,0,10,6,16,1.7,12,27,2.8,0.517,0.506,1.7,1.7,17,2H/D,,janseda01
94,Danny Jansen,30,TBR,AL,259,-1,-1,-1,9,5,11,1.2,9,20,2.1,0.517,0.507,1.1,1.5,11,2/H,,janseda01
94,Danny Jansen,30,MIL,NL,78,2,0,0,1,1,4,0.5,3,7,0.7,0.518,0.503,0.6,0.2,6,2/HD,,janseda01
95,Mike Yastrzemski*,34,2TM,2LG,558,7,2,0,5,-4,10,1.0,19,29,2.8,0.507,0.503,2.3,0.0,24,*9H8/7D1,,yastrmi01
95,Mike Yastrzemski*,34,SFG,NL,372,1,2,0,5,-3,6,0.6,13,19,1.8,0.506,0.504,1.3,0.2,14,9/H1,,yastrmi01
95,Mike Yastrzemski*,34,KCR,AL,186,6,0,0,0,-2,4,0.4,6,10,1.0,0.508,0.502,1.0,-0.2,10,98/7HD,,yastrmi01
96,Yainer Diaz,26,HOU,AL,567,-4,0,0,4,6,7,0.8,19,26,2.7,0.505,0.504,2.2,1.1,22,*2D/H,,diazya02
97,Brendan Donovan*,28,STL,NL,515,11,-1,2,-4,3,11,1.1,17,28,2.7,0.509,0.507,3.1,-0.1,32,47/6DH,AS,donovbr01
98,Adolis García,32,TEX,AL,547,-4,1,0,16,-5,8,0.9,19,27,2.7,0.506,0.505,1.0,1.3,11,*9/DH,,garciad02
99,Jackson Merrill*,22,SDP,NL,483,4,2,2,0,4,12,1.2,17,28,2.7,0.510,0.507,2.8,0.3,28,*8/H,,merrija01
100,Taylor Ward,31,LAA,AL,663,13,0,0,-3,-5,4,0.5,23,27,2.7,0.503,0.503,3.0,-0.8,30,*7/DH,,wardta01
101,Carlos Narváez,26,BOS,AL,446,-2,-2,-2,8,8,10,1.2,15,26,2.6,0.509,0.507,1.8,1.7,18,*2/HD,ROY-6,narvaca01
102,Jorge Polanco#,31,SEA,AL,524,20,-2,1,-4,-6,8,0.9,18,26,2.6,0.506,0.505,3.0,-1.1,30,D4H/53,,polanjo01
103,Seiya Suzuki,30,CHC,NL,651,22,0,-1,-5,-10,6,0.6,22,27,2.6,0.504,0.504,3.2,-1.6,32,D97/H8,-MVP 20.00,suzukse01
104,Taylor Walls#,28,TBR,AL,317,-12,1,2,18,5,14,1.5,11,25,2.6,0.515,0.509,0.6,2.5,7,6/H45D,,wallsta01
105,Willson Contreras,33,STL,NL,563,15,1,-1,-1,-7,6,0.6,19,26,2.5,0.505,0.504,2.6,-0.9,27,*3D,,contrwi01
106,J.T. Realmuto,34,PHI,NL,550,-7,1,-1,5,10,7,0.7,19,26,2.5,0.506,0.505,2.0,1.5,21,*2/DH,,realmjt01
107,Jake Cronenworth*,31,SDP,NL,515,8,2,2,-8,4,7,0.7,18,25,2.4,0.505,0.504,3.2,-0.5,33,*436/DH,,croneja01
108,Jake Meyers,29,HOU,AL,381,4,-1,0,5,3,11,1.2,13,24,2.4,0.511,0.507,1.9,0.9,19,8/H,,meyerja02
109,Sean Murphy,30,ATL,NL,337,-1,0,0,9,5,13,1.3,12,24,2.4,0.514,0.508,1.5,1.4,15,2H/D,,murphse01
110,Vinnie Pasquantino*,27,KCR,AL,682,16,-3,-1,-2,-9,1,0.1,23,24,2.4,0.500,0.500,2.5,-1.1,26,*3D,,pasquvi01
111,Ryan O'Hearn*,31,2TM,2LG,544,16,-2,0,0,-9,6,0.6,19,24,2.4,0.504,0.503,2.4,-0.9,24,3D9H/7,AS,ohearry01
111,Ryan O'Hearn*,31,BAL,AL,361,15,-1,0,0,-6,7,0.8,12,20,2.0,0.508,0.505,2.0,-0.6,20,3D9/H7,,ohearry01
111,Ryan O'Hearn*,31,SDP,NL,183,2,0,1,0,-3,-1,-0.2,6,5,0.4,0.497,0.499,0.5,-0.3,5,3D/H9,,ohearry01
112,TJ Friedl*,29,CIN,NL,685,5,2,1,-10,5,3,0.3,22,25,2.3,0.502,0.502,3.4,-0.6,35,*8/DH,,friedtj01
113,Alejandro Kirk,26,TOR,AL,506,6,-5,-3,0,8,5,0.6,17,23,2.3,0.504,0.503,2.3,0.9,23,*2H/D,AS,kirkal01
114,Isaac Paredes,26,HOU,AL,438,13,-2,-1,-4,1,8,0.9,15,23,2.3,0.508,0.505,2.7,-0.3,27,5D/H,AS,paredis01
115,Ben Rice*,26,NYY,AL,530,18,-2,-3,-4,-4,5,0.5,18,23,2.3,0.503,0.503,2.7,-0.8,27,3D2H,,ricebe01
116,Brent Rooker,30,ATH,AL,699,19,-1,-2,-5,-12,0,0.1,23,23,2.3,0.500,0.500,2.8,-1.8,28,*D9/7H,AS,rookebr01
117,Edmundo Sosa,29,PHI,NL,261,3,0,0,9,3,14,1.5,9,23,2.3,0.517,0.509,1.4,1.2,14,456H/78D,,sosaed01
118,Spencer Torkelson,25,DET,AL,649,12,-1,-1,0,-8,1,0.2,22,23,2.3,0.501,0.501,2.3,-0.8,23,*3D/H,,torkesp01
119,Jared Triolo,27,PIT,NL,376,-3,2,1,9,3,11,1.1,13,24,2.3,0.511,0.507,1.4,1.2,15,6534/H1D,,triolja01
120,Ryan McMahon*,30,2TM,2LG,586,-11,1,0,10,4,3,0.3,20,23,2.3,0.502,0.501,1.2,1.5,13,*5/HD,,mcmahry01
120,Ryan McMahon*,30,COL,NL,401,-7,0,0,3,3,-1,-0.1,14,13,1.2,0.499,0.499,0.9,0.6,10,5/HD,,mcmahry01
120,Ryan McMahon*,30,NYY,AL,185,-4,0,0,7,1,4,0.5,6,11,1.1,0.508,0.503,0.3,0.9,4,5/H,,mcmahry01
121,Jackson Chourio,21,MIL,NL,589,8,0,0,-4,0,5,0.5,19,24,2.2,0.504,0.503,2.7,-0.4,28,*879/D,,chourja01
122,Riley Greene*,24,DET,AL,655,14,0,-1,-7,-6,-1,0.0,22,22,2.2,0.499,0.499,2.8,-1.3,29,*7D8/H9,ASMVP-17SS,greenri03
123,Michael Harris II*,24,ATL,NL,641,-13,-1,4,6,5,1,0.1,22,23,2.2,0.501,0.501,1.6,1.1,17,*8/H,,harrimi04
124,Iván Herrera,25,STL,NL,452,21,0,-4,-2,-7,8,0.8,15,23,2.2,0.507,0.505,2.4,-0.9,25,D2/7H,,herreiv01
125,Victor Scott II*,24,STL,NL,463,-15,5,1,12,3,7,0.7,16,22,2.2,0.505,0.504,0.9,1.6,10,*8/97,,scottvi01
126,Bryson Stott*,27,PHI,NL,560,-3,1,1,0,5,4,0.4,19,23,2.2,0.503,0.503,2.3,0.5,23,*46H,,stottbr01
127,Masyn Winn,23,STL,NL,537,-7,2,0,2,8,4,0.4,18,23,2.2,0.503,0.503,2.0,1.0,21,*6/H,GG,winnma01
128,Ramón Urías,31,2TM,AL,391,-6,0,-1,12,2,8,0.9,13,21,2.2,0.507,0.503,0.8,1.6,9,54H/3D,,uriasra01
128,Ramón Urías,31,BAL,AL,290,-3,0,-1,7,1,5,0.5,10,15,1.5,0.506,0.503,0.7,0.9,7,5/H3D4,,uriasra01
128,Ramón Urías,31,HOU,AL,101,-3,0,0,5,1,3,0.3,3,7,0.7,0.510,0.502,0.1,0.7,2,45/H,,uriasra01
129,Ozzie Albies#,28,ATL,NL,667,-6,2,2,-3,5,0,0.0,23,23,2.1,0.500,0.500,2.5,0.2,25,*4,,albieoz01
130,Isaac Collins#,27,MIL,NL,441,13,0,0,-3,-4,6,0.6,15,21,2.1,0.505,0.504,2.4,-0.7,24,*7H/9D54,ROY-4,colliis01
131,Miguel Rojas,36,LAD,NL,317,-1,2,-1,7,4,11,1.1,11,22,2.1,0.510,0.507,1.4,1.1,15,456H/13,,rojasmi02
132,Xander Bogaerts,32,SDP,NL,552,-4,4,-1,-4,7,2,0.2,19,21,2.0,0.502,0.501,2.4,0.3,25,*6/DH,,bogaexa01
133,Romy González,28,BOS,AL,341,14,-1,-1,-2,-2,8,0.8,12,19,2.0,0.508,0.505,2.2,-0.4,21,34H/D5,,gonzaro01
134,Luke Keaschall,22,MIN,AL,207,8,2,1,1,1,13,1.3,7,20,2.0,0.526,0.508,1.9,0.2,19,4/D,ROY-9,keasclu01
135,Nathan Lukes*,30,TOR,AL,438,-1,0,0,10,-4,4,0.5,15,19,2.0,0.503,0.503,0.9,0.7,9,*978H/D,,lukesna01
136,Jeff McNeil*,33,NYM,NL,462,7,-1,1,-3,2,5,0.5,16,21,2.0,0.504,0.503,2.3,-0.1,24,487D/H93,,mcneije01
137,Freddy Fermin,30,2TM,2LG,347,-9,-3,0,13,6,8,0.8,12,20,2.0,0.508,0.503,0.6,2.1,7,2/HD4,,fermifr01
137,Freddy Fermin,30,KCR,AL,208,-5,-2,0,7,4,4,0.4,7,11,1.1,0.506,0.502,0.4,1.2,4,2/HD4,,fermifr01
137,Freddy Fermin,30,SDP,NL,139,-4,0,0,6,3,4,0.4,5,9,0.9,0.510,0.503,0.2,0.9,3,2/H,,fermifr01
138,Francisco Alvarez,23,NYM,NL,277,8,0,0,-3,5,10,1.0,9,19,1.9,0.513,0.506,2.2,0.2,22,2/HD,,alvarfr01
139,Javier Báez,32,DET,AL,437,-8,2,1,3,6,4,0.5,15,19,1.9,0.503,0.502,1.6,1.0,16,6854/H,AS,baezja01
140,Lawrence Butler*,24,ATH,AL,630,-3,2,1,0,-1,-2,-0.2,22,19,1.9,0.498,0.498,1.9,-0.1,19,*98H,,butlela01
141,Evan Carter*,22,TEX,AL,220,4,2,0,3,1,11,1.2,8,19,1.9,0.518,0.507,1.6,0.5,16,8/HD,,carteev01
142,Tyler Heineman#,34,TOR,AL,174,2,0,0,7,3,13,1.3,6,18,1.9,0.522,0.508,1.1,1.1,11,2/H1,,heinety01
143,Brandon Lowe*,30,TBR,AL,553,11,-1,1,-14,3,0,0.0,19,19,1.9,0.500,0.500,3.3,-1.1,33,*4/DH3,AS,lowebr01
144,Jakob Marsee*,24,MIA,NL,234,8,0,1,1,1,11,1.1,8,19,1.9,0.520,0.507,1.8,0.2,18,87/9H,ROY-8,marseja01
145,Adley Rutschman#,27,BAL,AL,365,-5,-1,0,8,4,6,0.7,12,19,1.9,0.508,0.504,1.1,1.3,11,2D/H,,rutscad01
146,Daniel Schneemann*,28,CLE,AL,422,-11,2,2,8,3,4,0.5,14,19,1.9,0.503,0.503,1.0,1.2,11,458H96/7D,,schneda04
147,Cam Smith,22,HOU,AL,493,-7,1,-1,12,-4,2,0.2,17,19,1.9,0.501,0.501,0.6,0.9,7,*9H/D,ROY-10,smithca07
148,Giancarlo Stanton,35,NYY,AL,281,19,0,-1,-5,-5,9,0.9,10,18,1.9,0.512,0.506,2.4,-1.0,23,D9H/7,,stantmi03
149,Mike Tauchman*,34,CHW,AL,385,8,-1,0,3,-4,6,0.6,13,19,1.9,0.506,0.504,1.5,-0.1,16,9D/H,,tauchmi01
150,Kyle Teel*,23,CHW,AL,297,9,0,1,-4,3,9,1.0,10,19,1.9,0.512,0.506,2.3,-0.1,23,2D/H7,,teelky01
151,Miguel Vargas,25,CHW,AL,569,-1,2,-1,1,-1,0,0.1,19,19,1.9,0.500,0.500,1.8,0.0,18,53/DH7,,vargami01
152,Alec Burleson*,26,STL,NL,546,16,-1,-2,-6,-7,1,0.1,19,20,1.8,0.501,0.501,2.5,-1.4,26,379D/H1,SS,burleal01
153,Kerry Carpenter*,27,DET,AL,464,7,1,1,0,-7,2,0.2,16,18,1.8,0.501,0.501,1.7,-0.7,18,9D7H,,carpeke01
154,Christian Koss,27,SFG,NL,191,1,1,1,7,2,12,1.2,7,18,1.8,0.516,0.507,1.1,0.9,11,4H5/61D,,kossch01
155,Blaze Alexander,26,ARI,NL,266,0,-1,0,7,2,8,0.8,9,17,1.7,0.511,0.505,0.9,0.9,10,54/H78D,,alexabl01
156,Mauricio Dubón,30,HOU,AL,398,-13,0,0,14,2,3,0.3,14,16,1.7,0.502,0.502,0.1,1.7,2,74658H/39,GG,dubonma01
157,Hyeseong Kim*,26,LAD,NL,170,0,0,1,7,2,11,1.2,6,17,1.7,0.516,0.507,1.0,1.0,10,4H86,,kimhy02
158,Jung Hoo Lee*,26,SFG,NL,617,9,-1,3,-18,4,-2,-0.3,21,19,1.7,0.499,0.499,3.6,-1.4,37,*8/HD,,leeju01
159,Brandon Marsh*,27,PHI,NL,425,6,2,2,-7,0,3,0.3,15,17,1.7,0.502,0.502,2.4,-0.8,24,*87H/9,,marshbr02
160,Dominic Canzone*,27,SEA,AL,269,13,-1,0,-2,-3,7,0.7,9,16,1.6,0.509,0.504,1.8,-0.5,18,9H/D,,canzodo01
161,Kyle Higashioka,35,TEX,AL,327,2,-1,-1,1,3,5,0.5,11,16,1.6,0.505,0.503,1.5,0.5,15,2D/H,,higasky01
162,Spencer Horwitz*,27,PIT,NL,411,9,-2,0,0,-5,3,0.3,14,17,1.6,0.502,0.502,1.6,-0.5,17,3H/4D,,horwisp01
163,Kyle Isbel*,28,KCR,AL,409,-9,-1,0,9,3,2,0.3,14,16,1.6,0.502,0.501,0.6,1.4,7,*8/H,,isbelky01
164,Isiah Kiner-Falefa,30,2TM,2LG,459,-12,1,1,5,7,2,0.2,16,17,1.6,0.501,0.501,1.1,1.2,12,654/H1,,kineris01
164,Isiah Kiner-Falefa,30,PIT,NL,428,-11,1,1,5,6,2,0.2,15,17,1.6,0.502,0.501,1.1,1.1,12,65/H,,kineris01
164,Isiah Kiner-Falefa,30,TOR,AL,31,-1,0,1,0,0,-1,-0.1,1,0,0.0,0.497,0.500,0.0,0.1,0,4/5H16,,kineris01
165,Jake Mangum#,29,TBR,AL,428,-4,2,2,3,-2,1,0.2,15,16,1.6,0.501,0.501,1.3,0.1,13,*789/HD,,manguja01
166,Gabriel Moreno,25,ARI,NL,309,5,0,-1,-3,5,6,0.6,11,17,1.6,0.507,0.504,1.9,0.2,20,2/DH,,morenga01
167,Marcell Ozuna,34,ATL,NL,592,13,-3,-1,0,-12,-2,-0.3,20,18,1.6,0.498,0.498,1.7,-1.2,18,*D/H,,ozunama01
168,Anthony Volpe,24,NYY,AL,596,-14,-2,1,2,9,-4,-0.4,20,17,1.6,0.497,0.497,1.4,1.2,14,*6/H,,volpean01
169,Jordan Westburg,26,BAL,AL,352,7,-2,2,-4,1,4,0.4,12,16,1.6,0.505,0.502,2.0,-0.3,20,54D/H,,westbjo01
170,Alec Bohm,28,PHI,NL,504,3,-3,-2,-2,2,-2,-0.2,17,16,1.5,0.499,0.499,1.7,0.0,18,53,,bohmal01
171,Teoscar Hernández,32,LAD,NL,546,0,0,0,1,-4,-3,-0.3,19,16,1.5,0.498,0.498,1.4,-0.3,15,*9/H,,hernate01
172,Colt Keith*,23,DET,AL,468,4,1,0,-1,-4,-1,0.0,16,16,1.5,0.500,0.500,1.6,-0.5,16,D54H3,,keithco01
173,Bo Naylor*,25,CLE,AL,414,-9,-1,0,3,8,1,0.2,14,15,1.5,0.501,0.501,1.2,1.2,12,*2H,,naylobo01
174,Javier Sanoja,22,MIA,NL,342,-3,-1,1,7,1,5,0.5,12,16,1.5,0.504,0.503,0.8,0.8,9,574H86/13D,GG,sanojja01
175,Mike Trout,33,LAA,AL,556,10,0,-1,-3,-10,-4,-0.3,19,15,1.5,0.497,0.498,1.8,-1.3,18,D9/H,,troutmi01
176,Carlos Correa,30,2TM,AL,584,2,-1,0,-13,7,-5,-0.5,20,15,1.5,0.496,0.497,2.8,-0.6,28,65/H,,correca01
176,Carlos Correa,30,MIN,AL,364,-4,-1,0,-11,5,-11,-1.1,12,2,0.1,0.488,0.493,1.3,-0.6,13,6/H,,correca01
176,Carlos Correa,30,HOU,AL,220,6,0,0,-2,2,6,0.6,7,13,1.3,0.511,0.504,1.5,0.0,15,5/6,,correca01
177,Ke'Bryan Hayes,28,2TM,NL,570,-24,-1,-1,19,4,-3,-0.3,19,17,1.5,0.498,0.499,-0.4,2.4,-2,*5/H,GG,hayeske01
177,Ke'Bryan Hayes,28,PIT,NL,392,-19,1,0,16,3,0,-0.1,13,13,1.2,0.500,0.500,-0.4,1.9,-3,5/H,,hayeske01
177,Ke'Bryan Hayes,28,CIN,NL,178,-4,-2,0,3,1,-3,-0.3,6,4,0.3,0.495,0.498,0.0,0.4,1,5,,hayeske01
178,Alex Call,30,2TM,NL,322,6,0,1,1,-4,4,0.4,11,15,1.5,0.504,0.502,1.4,-0.3,14,97H/D8,,callal02
178,Alex Call,30,WSN,NL,237,6,-1,0,0,-2,3,0.3,8,12,1.1,0.505,0.502,1.1,-0.3,12,97H/D8,,callal02
178,Alex Call,30,LAD,NL,85,0,0,1,1,-1,1,0.1,3,4,0.4,0.502,0.500,0.2,0.0,3,7H9/8D,,callal02
179,Josh Jung,27,TEX,AL,511,1,-3,-1,-3,3,-3,-0.3,17,14,1.4,0.498,0.498,1.7,0.0,17,*5/DH,,jungjo01
180,Noelvi Marté,23,CIN,NL,360,1,2,0,0,-1,3,0.3,12,15,1.4,0.503,0.502,1.4,-0.1,15,95/H8D,,marteno01
181,Pedro Pagés,26,STL,NL,389,-12,-2,0,7,7,1,0.1,13,15,1.4,0.501,0.501,0.7,1.5,7,*2/34,,pagespe02
182,Bryan Reynolds#,30,PIT,NL,654,-1,0,0,1,-7,-6,-0.7,22,16,1.4,0.496,0.496,1.4,-0.6,15,*9D/H,,reynobr01
183,Luis Robert Jr.,27,CHW,AL,431,-6,2,1,0,3,-1,0.0,15,14,1.4,0.499,0.500,1.4,0.3,14,8/DH,,roberlu01
184,Luis Torrens,29,NYM,NL,283,-7,-2,0,9,5,5,0.5,10,14,1.4,0.505,0.503,0.4,1.4,5,2H/1D3,,torrelu01
185,Jacob Young,25,WSN,NL,364,-12,-2,0,13,3,2,0.2,12,14,1.4,0.502,0.501,0.0,1.6,1,*8H/D,,youngja03
186,Adam Frazier*,33,2TM,2LG,459,-5,1,0,3,0,-1,-0.1,16,15,1.4,0.499,0.499,1.1,0.4,11,47H9/D5,,fraziad01
186,Adam Frazier*,33,PIT,NL,262,-5,0,-1,0,1,-5,-0.5,9,4,0.3,0.493,0.497,0.3,0.1,4,47H/9,,fraziad01
186,Adam Frazier*,33,KCR,AL,197,0,1,1,3,-1,4,0.4,7,11,1.1,0.507,0.502,0.7,0.3,8,47/DH59,,fraziad01
187,Nolan Arenado,34,STL,NL,436,-7,-1,-1,6,3,-1,-0.1,15,14,1.3,0.499,0.499,0.7,0.9,8,5/DH,,arenano01
188,Liam Hicks*,26,MIA,NL,390,-1,2,-1,-1,1,0,0.0,13,14,1.3,0.500,0.500,1.4,0.0,15,23HD,,hicksli01
189,Chase Meidroth,23,CHW,AL,505,-6,0,-1,-3,7,-4,-0.4,17,13,1.3,0.496,0.497,1.6,0.4,16,64/H,,meidrch01
190,Lars Nootbaar*,27,STL,NL,583,-4,2,1,1,-4,-5,-0.5,19,15,1.3,0.496,0.497,1.2,-0.3,13,*798/HD,,nootbla01
191,Austin Riley,28,ATL,NL,447,2,-2,-1,-2,3,-1,-0.1,15,14,1.3,0.499,0.500,1.5,0.1,16,5,,rileyau01
192,Nolan Schanuel*,23,LAA,AL,564,5,0,1,-5,-6,-5,-0.5,19,14,1.3,0.496,0.496,1.8,-1.1,19,*3,,schanno01
193,Davis Schneider,26,TOR,AL,227,7,1,-1,-1,-1,5,0.6,8,13,1.3,0.507,0.503,1.4,-0.2,14,74H/5D,,schneda03
194,Tyler Stephenson,28,CIN,NL,342,0,-2,0,1,4,2,0.2,12,14,1.3,0.502,0.501,1.2,0.5,13,2D/H,,stephty01
195,Ben Williamson,24,SEA,AL,295,-8,0,1,8,2,2,0.3,10,12,1.3,0.503,0.502,0.4,1.1,4,5/H,,willibe03
196,Jesús Sánchez*,27,2TM,2LG,497,-5,-2,1,7,-4,-3,-0.3,17,14,1.3,0.497,0.499,0.6,0.3,7,*97H8/D,,sanchje02
196,Jesús Sánchez*,27,MIA,NL,337,1,-1,0,3,-3,0,0.0,12,12,1.1,0.500,0.500,0.8,0.0,9,9H8/D7,,sanchje02
196,Jesús Sánchez*,27,HOU,AL,160,-6,0,1,4,-2,-3,-0.3,5,2,0.2,0.493,0.498,-0.2,0.2,-2,79/HD,,sanchje02
197,Jo Adell,26,LAA,AL,573,8,0,-1,-14,0,-7,-0.7,20,12,1.2,0.495,0.495,2.6,-1.4,26,*89/HD,,adelljo01
198,Luis Arráez*,28,SDP,NL,675,-2,0,1,1,-8,-8,-0.9,22,14,1.2,0.495,0.495,1.2,-0.7,13,*3D4/H,,arraelu01
199,Addison Barger*,25,TOR,AL,502,0,-2,0,-3,0,-5,-0.5,17,12,1.2,0.496,0.497,1.5,-0.3,15,59H/D,,bargead01
200,Paul Goldschmidt,37,NYY,AL,534,2,-1,-1,-1,-6,-6,-0.6,18,12,1.2,0.496,0.496,1.3,-0.7,13,*3H/D8,,goldspa01
201,Ryan Jeffers,28,MIN,AL,464,5,-2,-1,-9,4,-4,-0.3,16,12,1.2,0.497,0.498,2.1,-0.5,21,2D/H,,jeffery01
202,Edgar Quero#,22,CHW,AL,403,-2,-3,-1,1,3,-2,-0.1,14,12,1.2,0.499,0.499,1.1,0.4,11,2DH,,queroed01
203,Heliot Ramos,25,SFG,NL,695,5,-1,-2,-6,-5,-9,-0.9,23,14,1.2,0.494,0.495,1.9,-1.2,20,*7/DH,,ramoshe02
204,Rob Refsnyder,34,BOS,AL,209,8,0,-1,0,-3,4,0.5,7,11,1.2,0.506,0.503,1.1,-0.3,11,9HD7,,refsnro01
205,Matt Thaiss*,30,2TM,AL,190,-2,0,0,4,3,5,0.5,6,11,1.2,0.509,0.502,0.7,0.8,7,2/H3D,,thaisma01
205,Matt Thaiss*,30,CHW,AL,110,1,0,0,4,2,7,0.7,4,10,1.1,0.520,0.504,0.6,0.6,6,2/H3D,,thaisma01
205,Matt Thaiss*,30,TBR,AL,80,-3,0,0,0,1,-2,-0.2,3,1,0.1,0.493,0.499,0.1,0.2,1,2/3H,,thaisma01
206,Carlos Santana#,39,2TM,2LG,474,-12,2,1,12,-7,-5,-0.5,16,11,1.1,0.496,0.498,-0.2,0.6,-1,3D/H5,,santaca01
206,Carlos Santana#,39,CLE,AL,455,-9,2,1,11,-6,-2,-0.2,16,13,1.3,0.498,0.498,0.1,0.5,2,3D/H5,,santaca01
206,Carlos Santana#,39,CHC,NL,19,-3,0,0,1,0,-3,-0.3,1,-2,-0.2,0.467,0.498,-0.3,0.1,-3,/3DH,,santaca01
207,Miguel Amaya,26,CHC,NL,103,5,0,1,0,2,7,0.7,4,11,1.1,0.527,0.505,1.1,0.2,11,2/DH,,amayami01
208,Gabriel Arias,25,CLE,AL,471,-16,1,0,3,7,-5,-0.5,16,11,1.1,0.496,0.497,0.7,1.1,8,64/5H,,ariasga01
209,Patrick Bailey#,26,SFG,NL,452,-16,-1,0,5,8,-3,-0.3,15,12,1.1,0.498,0.498,0.6,1.4,7,*2H/D,GG,bailepa01
210,Tommy Edman#,30,LAD,NL,377,-5,1,1,-1,3,-1,-0.1,13,12,1.1,0.499,0.499,1.2,0.2,13,485/HD,,edmanto01
211,Andrés Giménez*,26,TOR,AL,369,-15,0,1,9,4,-2,-0.1,13,11,1.1,0.498,0.499,0.1,1.4,2,46/H,,gimenan01
212,Jurickson Profar#,32,ATL,NL,371,11,1,0,-9,-3,1,0.1,12,12,1.1,0.501,0.500,2.1,-1.2,21,7/D,,profaju01
213,Derek Hill,29,2TM,2LG,149,-6,2,0,8,1,6,0.6,5,11,1.1,0.510,0.502,0.2,0.9,3,8/HD,,hillde01
213,Derek Hill,29,MIA,NL,141,-6,2,0,6,1,4,0.4,5,9,0.8,0.507,0.502,0.2,0.7,3,8/HD,,hillde01
213,Derek Hill,29,CHW,AL,8,0,0,0,2,0,2,0.2,0,2,0.2,0.553,0.501,0.0,0.2,0,/8H,,hillde01
214,Austin Wynns,34,2TM,2LG,110,4,-1,0,2,2,7,0.7,4,11,1.1,0.518,0.502,0.9,0.4,9,2/H3D,,wynnsau01
214,Austin Wynns,34,CIN,NL,43,5,0,0,0,1,6,0.6,1,7,0.7,0.532,0.504,0.7,0.1,7,2/H3D,,wynnsau01
214,Austin Wynns,34,ATH,AL,67,-1,0,0,2,1,1,0.2,2,4,0.4,0.507,0.501,0.2,0.4,2,2/H,,wynnsau01
215,Kody Clemens*,29,2TM,2LG,386,-5,0,1,4,-2,-3,-0.2,13,11,1.0,0.498,0.499,0.6,0.2,7,34H79/18D,,clemeko01
215,Kody Clemens*,29,PHI,NL,7,-1,0,0,0,0,-1,-0.1,0,-1,-0.1,0.482,0.499,-0.1,0.0,-1,/H47D,,clemeko01
215,Kody Clemens*,29,MIN,AL,379,-4,0,0,4,-2,-1,-0.1,13,12,1.2,0.499,0.499,0.7,0.2,8,3497H/18,,clemeko01
216,Dylan Beavers*,23,BAL,AL,137,4,0,0,2,-1,5,0.5,5,10,1.0,0.515,0.503,0.7,0.1,7,79/H,,beavedy01
217,Andrew Benintendi*,30,CHW,AL,470,3,-1,1,-3,-6,-6,-0.6,16,10,1.0,0.495,0.496,1.3,-0.9,13,7D/H,,beninan01
218,Denzel Clarke,25,ATH,AL,159,-5,1,0,7,1,4,0.5,5,10,1.0,0.510,0.503,0.2,0.9,3,8/H,,clarkde02
219,Colton Cowser*,25,BAL,AL,360,-9,0,0,6,0,-2,-0.2,12,10,1.0,0.497,0.499,0.3,0.7,4,87/9HD,,cowseco01
220,David Hamilton*,27,BOS,AL,194,-9,1,0,9,2,3,0.3,7,10,1.0,0.504,0.502,0.0,1.2,1,4H6/D5,,hamilda03
221,Michael Helman,29,TEX,AL,110,2,1,0,2,1,6,0.7,4,10,1.0,0.518,0.504,0.8,0.3,8,8/H6,,helmami01
222,Jackson Holliday*,21,BAL,AL,649,-2,-4,2,-11,5,-11,-1.0,21,11,1.0,0.493,0.493,2.1,-0.6,22,*4/6DH,,hollija01
223,Starling Marte,36,NYM,NL,329,4,0,1,2,-7,0,-0.1,11,11,1.0,0.500,0.500,0.8,-0.6,9,DH/79,,martest01
224,James McCann,35,ARI,NL,137,1,-1,0,3,3,6,0.6,5,10,1.0,0.514,0.504,0.7,0.6,7,2/H3,,mccanja02
225,Tommy Pham,37,PIT,NL,449,-1,-2,-1,4,-4,-4,-0.4,15,12,1.0,0.497,0.498,0.7,0.0,8,*7/H9D,,phamth01
226,Tyrone Taylor,31,NYM,NL,341,-12,1,0,8,2,-1,-0.1,12,11,1.0,0.500,0.500,0.2,1.0,3,*8H/79,,tayloty01
227,Ty France,30,2TM,AL,490,-6,-2,-2,9,-6,-6,-0.6,17,11,1.0,0.495,0.497,0.0,0.4,1,*3H/D4,GG,francty01
227,Ty France,30,MIN,AL,387,-4,-2,-1,6,-4,-5,-0.5,13,8,0.8,0.494,0.497,0.1,0.2,2,3/H4,,francty01
227,Ty France,30,TOR,AL,103,-2,0,0,3,-2,-1,-0.1,4,3,0.2,0.497,0.499,-0.1,0.2,-1,3H/D,,francty01
228,Jordan Beck,24,COL,NL,588,-4,-1,-1,1,-5,-10,-1.0,20,11,0.9,0.493,0.494,0.8,-0.4,9,*7H/D8,,beckjo01
229,Jake Burger,29,TEX,AL,376,0,0,1,1,-6,-4,-0.4,13,9,0.9,0.496,0.497,0.7,-0.5,8,3DH,,burgeja01
230,Victor Caratini#,31,HOU,AL,386,0,0,-1,-4,0,-4,-0.4,13,9,0.9,0.496,0.497,1.3,-0.4,13,2DH3,,caratvi01
231,Tyler Fitzgerald,27,SFG,NL,243,-7,-1,0,7,2,1,0.1,8,9,0.9,0.501,0.500,0.1,0.9,2,4/H9,,fitzgty01
232,Sam Haggerty#,31,TEX,AL,182,5,1,0,-2,-2,2,0.3,6,9,0.9,0.504,0.502,1.1,-0.4,11,H78D/49,,haggesa01
233,Heriberto Hernández,25,MIA,NL,294,6,-1,0,0,-5,0,0.0,10,10,0.9,0.500,0.500,0.9,-0.5,10,7D9H,ROY-13,hernahe01
234,Rhys Hoskins,32,MIL,NL,328,3,-2,-1,2,-4,-2,-0.2,11,10,0.9,0.498,0.499,0.7,-0.2,8,3/HD,,hoskirh01
235,Jahmai Jones,27,DET,AL,150,10,1,0,-3,-4,4,0.4,5,9,0.9,0.505,0.502,1.2,-0.7,12,HD97/4,,jonesja08
236,Nacho Alvarez Jr.,22,ATL,NL,208,-6,0,1,5,1,1,0.1,7,8,0.8,0.502,0.501,0.3,0.7,3,5/H,,alvarna01
237,José Fermín,26,STL,NL,70,3,-1,0,3,0,5,0.6,2,8,0.8,0.519,0.503,0.5,0.3,5,4/H579D,,fermijo01
238,Brett Harris,27,ATH,AL,84,0,0,0,5,0,5,0.6,3,8,0.8,0.517,0.503,0.3,0.6,3,5/3H,,harribr02
239,Austin Hays,29,CIN,NL,416,0,3,-1,-2,-5,-5,-0.6,14,9,0.8,0.495,0.497,1.0,-0.8,11,7D/H,,haysau01
240,Carter Jensen*,21,KCR,AL,69,5,0,0,0,0,5,0.5,2,7,0.8,0.526,0.503,0.7,0.0,7,2D/H,,jenseca01
241,Daylen Lile*,22,WSN,NL,351,17,-3,0,-14,-4,-4,-0.4,12,9,0.8,0.496,0.498,2.2,-1.8,23,97D/H,ROY-5,lileda01
242,Andruw Monasterio,28,MIL,NL,135,2,-1,0,1,1,3,0.3,5,8,0.8,0.505,0.502,0.7,0.2,7,63H4/57,,monasan01
243,Wenceel Pérez#,25,DET,AL,383,-1,-2,1,-1,-2,-5,-0.5,13,8,0.8,0.495,0.497,0.8,-0.3,9,98/H7D,,perezwe01
244,Leo Rivas#,27,SEA,AL,111,3,1,0,-1,1,4,0.4,4,8,0.8,0.508,0.502,0.9,0.0,9,4H/6D5179,,rivasle01
245,Keibert Ruiz#,26,WSN,NL,267,-8,-2,1,5,5,0,0.0,9,9,0.8,0.500,0.500,0.3,1.0,4,2/H,,ruizke01
246,Lenyn Sosa,25,CHW,AL,544,1,1,-2,-10,0,-10,-1.0,19,8,0.8,0.492,0.493,1.8,-1.0,18,43D/H5,,sosale01
247,Miguel Andujar,30,2TM,2LG,341,9,-2,0,-7,-3,-3,-0.3,12,9,0.8,0.497,0.498,1.5,-1.0,16,57DH/39,,andujmi01
247,Miguel Andujar,30,ATH,AL,231,2,0,0,-7,0,-6,-0.6,8,2,0.2,0.490,0.496,0.9,-0.8,9,57/H9D3,,andujmi01
247,Miguel Andujar,30,CIN,NL,110,7,-2,0,0,-2,3,0.3,4,6,0.6,0.508,0.502,0.6,-0.3,6,DH/37,,andujmi01
248,Yordan Alvarez*,28,HOU,AL,199,4,0,0,-1,-3,0,0.0,7,7,0.7,0.500,0.500,0.8,-0.4,8,D7/H,,alvaryo01
249,Jake Bauers*,29,MIL,NL,218,3,2,1,-2,-4,0,0.0,7,7,0.7,0.500,0.500,0.9,-0.6,9,3H7/D19,,bauerja01
250,Carlos Cortes*,28,ATH,AL,99,3,0,0,1,-1,3,0.3,3,7,0.7,0.508,0.502,0.6,0.0,5,9H/75D,,corteca01
251,Henry Davis,25,PIT,NL,283,-19,1,1,10,5,-2,-0.2,10,8,0.7,0.497,0.499,-0.4,1.6,-3,2/HD,,davishe01
252,Alex Jackson,29,BAL,AL,100,1,1,0,0,2,4,0.4,3,7,0.7,0.512,0.503,0.7,0.2,7,2/H1D,,jacksal02
253,Austin Martin,26,MIN,AL,181,1,0,0,1,-1,1,0.1,6,7,0.7,0.502,0.501,0.6,0.0,6,78/H4,,martiau01
254,Ronny Mauricio#,24,NYM,NL,184,-2,0,-1,3,1,1,0.1,6,7,0.7,0.502,0.501,0.4,0.4,4,5H/46D,,mauriro01
255,Kameron Misner*,27,TBR,AL,217,-8,0,1,5,1,-1,-0.1,7,7,0.7,0.499,0.499,0.1,0.6,2,89/7HD,,misneka01
256,Yoán Moncada#,30,LAA,AL,289,5,0,0,-10,2,-3,-0.3,10,7,0.7,0.497,0.498,1.7,-0.8,17,5H/D,,moncayo01
257,Connor Norby,25,MIA,NL,337,-2,0,1,-5,2,-4,-0.4,12,8,0.7,0.496,0.498,1.3,-0.3,13,5/HD,,norbyco01
258,Nasim Nuñez#,24,WSN,NL,92,-1,2,0,1,1,4,0.4,3,7,0.7,0.511,0.503,0.6,0.2,6,64H/8D,,nunezna01
259,Kyren Paris,23,LAA,AL,140,-3,1,0,3,1,2,0.3,5,7,0.7,0.505,0.501,0.4,0.5,4,84/H7D,,parisky01
260,Graham Pauley*,24,MIA,NL,184,-3,-1,1,4,1,1,0.1,6,7,0.7,0.502,0.501,0.3,0.5,3,5/438,,paulegr01
261,Gavin Sheets*,29,SDP,NL,545,2,-1,1,-3,-8,-10,-1.1,19,8,0.7,0.493,0.493,1.0,-1.2,11,7DH3,,sheetga01
262,Spencer Steer,27,CIN,NL,568,-5,-1,-2,4,-8,-11,-1.2,19,8,0.7,0.492,0.493,0.3,-0.4,4,*3D7/H9,,steersp01
263,Eli White,31,ATL,NL,271,-3,1,1,4,-4,-2,-0.2,9,8,0.7,0.498,0.499,0.3,0.0,3,97H/D83,,whiteel04
264,Nick Fortes,28,2TM,2LG,242,-5,-1,0,1,5,-1,-0.1,8,7,0.7,0.499,0.500,0.6,0.6,6,2H/D,,forteni01
264,Nick Fortes,28,MIA,NL,141,-5,0,0,2,3,0,0.0,5,5,0.4,0.500,0.500,0.2,0.5,3,2/HD,,forteni01
264,Nick Fortes,28,TBR,AL,101,0,-1,0,-1,2,-1,-0.1,3,3,0.3,0.498,0.500,0.4,0.1,4,2/HD,,forteni01
265,Luisangel Acuña,23,NYM,NL,193,-9,3,0,4,2,-1,-0.1,7,6,0.6,0.500,0.500,0.2,0.6,2,4H/658,,acunajo01
266,Nick Allen,26,ATL,NL,416,-24,-1,-1,12,7,-7,-0.7,14,8,0.6,0.495,0.496,-0.6,2.0,-4,*6/4H,,allenni02
267,Will Benson*,27,CIN,NL,253,-5,0,0,6,-2,-2,-0.2,9,7,0.6,0.498,0.499,0.0,0.4,1,97H8/D,,bensowi01
268,Zach Cole*,24,HOU,AL,52,2,1,0,1,0,4,0.4,2,6,0.6,0.526,0.502,0.5,0.1,5,/798H,,coleza01
269,Jonny DeLuca,26,TBR,AL,59,1,1,0,1,0,4,0.4,2,6,0.6,0.520,0.502,0.5,0.2,5,8/HD,,delucjo01
270,Andy Ibáñez,32,DET,AL,193,-4,0,0,4,1,0,0.0,7,6,0.6,0.500,0.500,0.2,0.5,2,5H4/3D67,,ibanean01
271,Bryce Johnson#,29,SDP,NL,84,3,0,0,1,-1,4,0.4,3,6,0.6,0.507,0.502,0.5,0.0,5,78H9,,johnsbr03
272,DJ LeMahieu,36,NYY,AL,142,-1,0,-1,1,1,1,0.1,5,6,0.6,0.502,0.501,0.5,0.2,5,4/H,,lemahdj01
273,Royce Lewis,26,MIN,AL,403,-7,0,-1,-2,2,-7,-0.7,14,6,0.6,0.493,0.495,0.8,0.0,8,5/DH,,lewisro02
274,Joey Loperfido*,26,TOR,AL,104,6,-1,0,-2,-1,2,0.2,4,6,0.6,0.505,0.501,0.8,-0.3,8,7H/9,,loperjo01
275,Casey Schmitt,26,SFG,NL,348,0,-1,0,-5,1,-5,-0.5,12,7,0.6,0.495,0.497,1.1,-0.4,12,453/H6D,,schmica01
276,Ezequiel Tovar,23,COL,NL,390,-9,-1,0,-2,5,-7,-0.7,13,7,0.6,0.493,0.496,0.8,0.3,9,6,,tovarez01
277,Christian Vázquez,34,MIN,AL,214,-11,-1,0,6,4,-1,-0.1,7,6,0.6,0.498,0.499,0.0,1.1,0,2/H,,vazquch01
278,Matt Wallner*,27,MIN,AL,392,6,-2,0,-6,-4,-7,-0.7,13,6,0.6,0.493,0.495,1.2,-1.1,12,9D/H,,wallnma01
279,Jose Altuve,35,HOU,AL,654,8,-1,-2,-18,-4,-17,-1.7,22,6,0.5,0.489,0.489,2.3,-2.2,24,4D7/H,,altuvjo01
280,Moisés Ballesteros*,21,CHC,NL,66,4,0,0,0,-2,3,0.3,2,5,0.5,0.515,0.502,0.5,-0.2,5,D/H32,,ballemo01
281,Joey Bart,28,PIT,NL,332,0,-4,-2,-5,5,-5,-0.6,11,6,0.5,0.494,0.497,1.1,0.0,11,2/HD,,bartjo01
282,Alexander Canario,25,PIT,NL,234,-8,-1,-1,9,-1,-2,-0.3,8,6,0.5,0.497,0.498,-0.4,0.8,-3,789H/D,,canaral01
283,Jasson Domínguez#,22,NYY,AL,429,1,2,0,-7,-5,-9,-0.9,15,6,0.5,0.493,0.494,1.3,-1.2,13,7HD,ROY-13,dominja01
284,Lourdes Gurriel Jr.,31,ARI,NL,546,-4,-1,0,-3,-5,-12,-1.3,19,7,0.5,0.490,0.492,0.8,-0.8,10,*7D/H,,gurrilo01
285,Cedric Mullins*,30,2TM,2LG,498,-3,1,1,-14,4,-11,-1.1,17,6,0.5,0.491,0.495,1.9,-1.1,20,*8/HD,,mullice01
285,Cedric Mullins*,30,BAL,AL,355,1,-1,1,-15,2,-11,-1.1,12,1,0.0,0.487,0.493,1.6,-1.3,16,8/DH,,mullice01
285,Cedric Mullins*,30,NYM,NL,143,-5,2,1,1,1,0,0.0,5,5,0.5,0.500,0.500,0.3,0.2,4,8/H,,mullice01
286,Johan Rojas,24,PHI,NL,172,-9,2,1,4,1,-1,-0.1,6,5,0.5,0.499,0.500,0.1,0.5,1,8H/D,,rojasjo03
287,Sal Stewart,21,CIN,NL,58,1,0,0,2,0,3,0.3,2,5,0.5,0.517,0.502,0.3,0.2,3,3/5H,,stewasa02
288,Tim Tawa,26,ARI,NL,225,-8,0,0,6,0,-2,-0.2,8,6,0.5,0.497,0.499,-0.1,0.6,0,4387H/59,,tawati01
289,Bryce Teodosio,26,LAA,AL,150,-10,1,0,7,1,-1,0.0,5,5,0.5,0.499,0.500,-0.3,0.9,-2,8,,teodobr01
290,Luis Urías,28,ATH,AL,330,-4,-1,-1,-3,3,-6,-0.6,11,5,0.5,0.493,0.496,0.8,0.0,8,4/5H,,uriaslu01
291,Cole Young*,21,SEA,AL,257,-7,0,-1,1,2,-4,-0.4,9,5,0.5,0.495,0.497,0.3,0.4,4,4/H6D,,youngco01
292,Riley Adams,29,WSN,NL,286,-13,0,0,3,5,-5,-0.6,10,5,0.4,0.493,0.497,0.1,0.8,2,2/H3D,,adamsri03
293,Josh Bell#,32,WSN,NL,533,6,-3,-2,-4,-10,-12,-1.3,18,6,0.4,0.491,0.492,0.9,-1.5,10,D3H,,belljo02
294,Oswaldo Cabrera#,26,NYY,AL,122,-1,0,1,-1,1,-1,0.0,4,4,0.4,0.499,0.500,0.5,0.0,5,5/H379,,cabreos01
295,Nathan Church*,24,STL,NL,65,-4,0,0,5,0,2,0.2,2,4,0.4,0.506,0.501,-0.2,0.5,-1,8/97H,,churcna01
296,Luis García Jr.*,25,WSN,NL,526,-2,1,2,-17,4,-12,-1.3,18,6,0.4,0.491,0.492,2.2,-1.4,23,*4H/3D,,garcilu04
297,Jonah Heim#,30,TEX,AL,433,-8,-1,-1,-5,5,-10,-1.1,15,4,0.4,0.491,0.493,0.9,0.0,9,2DH,,heimjo01
298,Jonathan India,28,KCR,AL,567,-6,-3,-1,-6,0,-15,-1.5,19,4,0.4,0.488,0.490,1.0,-0.6,10,4D75/H,,indiajo01
299,Jeremiah Jackson,25,BAL,AL,183,3,-2,-1,-2,-1,-2,-0.2,6,4,0.4,0.496,0.499,0.6,-0.3,6,95/HD4,,jacksje02
300,Kyle Manzardo*,24,CLE,AL,531,5,-1,-1,-7,-10,-13,-1.3,18,5,0.4,0.490,0.491,1.1,-1.8,12,D3H,,manzaky01
301,Salvador Perez,35,KCR,AL,641,-2,-3,-2,-12,2,-17,-1.7,22,5,0.4,0.489,0.489,1.6,-1.0,17,2D3,,perezsa02
302,Luis Rengifo#,28,LAA,AL,541,-17,0,1,0,4,-13,-1.4,18,5,0.4,0.490,0.491,0.4,0.5,5,54H/9768D,,rengilu01
303,Thomas Saggese,23,STL,NL,295,-7,0,1,-3,3,-6,-0.6,10,4,0.4,0.493,0.496,0.7,0.0,7,465/HD,,saggeth01
304,Chandler Simpson*,24,TBR,AL,441,-7,5,1,-9,0,-11,-1.1,15,4,0.4,0.490,0.493,1.3,-0.9,13,87/HD9,ROY-13,simpsch01
305,Dominic Smith*,30,SFG,NL,225,3,-1,-1,-1,-3,-3,-0.3,8,5,0.4,0.496,0.498,0.5,-0.4,6,3/HD9,,smithdo02
306,Pavin Smith*,29,ARI,NL,288,7,-1,0,-4,-6,-5,-0.5,10,5,0.4,0.494,0.497,0.9,-1.1,9,D3H,,smithpa04
307,Joey Wiemer,26,MIA,NL,61,-1,0,0,4,-1,2,0.2,2,4,0.4,0.508,0.501,0.0,0.4,0,9/H7,,wiemejo01
308,Dylan Moore,32,2TM,AL,243,-3,2,1,-2,-1,-4,-0.4,8,4,0.4,0.496,0.497,0.6,-0.3,6,H4935/6D8,,mooredy01
308,Dylan Moore,32,SEA,AL,213,-4,2,0,-2,-1,-5,-0.5,7,2,0.2,0.494,0.497,0.4,-0.3,4,H9435/6D8,,mooredy01
308,Dylan Moore,32,TEX,AL,30,1,0,0,0,0,1,0.1,1,2,0.2,0.505,0.501,0.2,0.0,2,4/HD39,,mooredy01
309,Jake Fraley*,30,2TM,NL,217,0,-1,0,0,-3,-4,-0.4,7,4,0.3,0.495,0.499,0.3,-0.3,4,9H/7D,,fraleja01
309,Jake Fraley*,30,CIN,NL,193,-1,-1,0,1,-2,-3,-0.3,7,4,0.4,0.496,0.498,0.3,-0.1,3,9H/7D,,fraleja01
309,Jake Fraley*,30,ATL,NL,24,0,0,0,-1,0,-1,-0.1,1,0,0.0,0.489,0.499,0.1,-0.1,1,/9H7D,,fraleja01
310,Jhonny Pereda,29,2TM,AL,78,-1,0,0,0,2,1,0.1,3,4,0.3,0.503,0.500,0.3,0.2,3,2/1H,,peredjh01
310,Jhonny Pereda,29,ATH,AL,46,-2,0,0,-1,1,-2,-0.2,2,0,-0.1,0.489,0.499,0.0,0.0,1,2/1H,,peredjh01
310,Jhonny Pereda,29,MIN,AL,32,1,0,0,1,1,3,0.3,1,4,0.4,0.525,0.502,0.3,0.2,3,2,,peredjh01
311,Dylan Crews,23,WSN,NL,322,-8,1,0,2,-2,-7,-0.7,11,4,0.3,0.492,0.496,0.1,0.0,2,98/D,,crewsdy01
312,Oneil Cruz*,26,PIT,NL,544,-9,5,1,-14,4,-14,-1.4,19,5,0.3,0.490,0.491,1.8,-1.1,19,*8H/D,,cruzon01
313,Dominic Fletcher*,27,CHW,AL,34,0,0,0,2,0,1,0.2,1,3,0.3,0.513,0.501,0.1,0.2,1,/987,,fletcdo01
314,Wilmer Flores,33,SFG,NL,463,0,-2,-2,1,-9,-11,-1.2,16,4,0.3,0.491,0.493,0.2,-0.8,3,D3H/5,,florewi01
315,Troy Johnston*,28,MIA,NL,121,2,-1,0,1,-2,-1,-0.1,4,3,0.3,0.498,0.499,0.2,-0.1,2,397/HD,,johnstr02
316,Andrew Knizner,30,SFG,NL,88,0,0,0,-2,2,0,0.0,3,3,0.3,0.500,0.500,0.5,0.0,5,2/DH,,kniznan01
317,Korey Lee,26,CHW,AL,40,2,0,0,-1,1,2,0.2,1,3,0.3,0.506,0.501,0.4,0.0,4,2H/D17,,leeko01
318,Brice Matthews,23,HOU,AL,47,-1,1,0,1,0,2,0.2,2,3,0.3,0.513,0.501,0.2,0.2,2,4/H5,,matthbr01
319,Reese McGuire*,30,CHC,NL,140,-2,0,0,-2,3,-1,-0.1,5,4,0.3,0.498,0.499,0.5,0.1,6,2/H1,,mcguire01
320,Parker Meadows*,25,DET,AL,213,-8,2,1,-1,2,-4,-0.4,7,3,0.3,0.492,0.497,0.4,0.1,4,8/H,,meadopa01
321,Joey Ortiz,26,MIL,NL,506,-22,3,1,-2,8,-13,-1.3,17,5,0.3,0.491,0.492,0.6,0.6,7,*6/H,,ortizjo06
322,Blake Perkins#,28,MIL,NL,171,-4,1,0,0,1,-2,-0.3,6,4,0.3,0.495,0.498,0.3,0.1,3,8/HD,,perkibl01
323,Ryan Ritter,24,COL,NL,207,-8,1,0,1,3,-4,-0.4,7,3,0.3,0.493,0.498,0.2,0.4,2,64/H,,rittery01
324,Amed Rosario,29,2TM,2LG,191,2,1,-1,-6,1,-3,-0.3,7,4,0.3,0.495,0.499,0.9,-0.5,10,54H/9D16,,rosaram01
324,Amed Rosario,29,WSN,NL,158,1,1,0,-5,1,-2,-0.2,5,3,0.3,0.495,0.499,0.8,-0.4,8,54H/D169,,rosaram01
324,Amed Rosario,29,NYY,AL,33,1,0,0,-1,0,-1,-0.1,1,1,0.0,0.496,0.500,0.2,-0.1,2,/59H4,,rosaram01
325,José Tena*,24,WSN,NL,169,-2,0,0,-2,1,-3,-0.3,6,3,0.3,0.495,0.498,0.5,-0.1,5,5/4HD,,tenajo01
326,Brett Wisely*,26,2TM,NL,63,-2,-1,1,3,1,1,0.1,2,3,0.3,0.504,0.501,0.0,0.4,0,4/H56D,,wiselbr01
326,Brett Wisely*,26,SFG,NL,54,-2,-1,1,3,0,1,0.1,2,3,0.3,0.505,0.501,0.0,0.4,0,4/H56D,,wiselbr01
326,Brett Wisely*,26,ATL,NL,9,-1,0,0,0,0,0,0.0,0,0,0.0,0.496,0.500,0.0,0.0,0,/4H,,wiselbr01
327,Nick Yorke,23,PIT,NL,72,-3,1,0,2,0,0,0.0,2,3,0.3,0.502,0.500,0.1,0.2,1,4/395H,,yorkeni01
328,Daniel Johnson*,29,2TM,2LG,57,-3,0,0,3,0,1,0.1,2,3,0.3,0.502,0.500,-0.1,0.3,0,H9/87,,johnsda07
328,Daniel Johnson*,29,SFG,NL,31,-2,0,0,2,0,1,0.1,1,2,0.2,0.506,0.501,0.0,0.2,0,/H897,,johnsda07
328,Daniel Johnson*,29,BAL,AL,26,-1,0,0,1,0,0,0.0,1,1,0.1,0.499,0.500,0.0,0.1,0,/H798,,johnsda07
329,Ha-Seong Kim,29,2TM,2LG,191,-4,1,0,-3,3,-4,-0.4,7,3,0.3,0.492,0.499,0.6,0.0,6,6/4H,,kimha01
329,Ha-Seong Kim,29,TBR,AL,93,-3,1,0,-1,1,-2,-0.2,3,1,0.1,0.492,0.499,0.2,0.0,2,6/4,,kimha01
329,Ha-Seong Kim,29,ATL,NL,98,-1,0,0,-2,1,-2,-0.2,3,2,0.1,0.493,0.499,0.3,-0.1,4,6/H,,kimha01
330,Brandon Lockridge,28,2TM,NL,148,-8,1,0,5,-1,-3,-0.3,5,2,0.2,0.496,0.498,-0.3,0.4,-3,78H9/D,,lockrbr01
330,Brandon Lockridge,28,SDP,NL,95,-7,1,0,2,-1,-5,-0.5,3,-2,-0.2,0.489,0.497,-0.4,0.1,-4,78H/9,,lockrbr01
330,Brandon Lockridge,28,MIL,NL,53,-1,1,0,3,0,2,0.2,2,4,0.4,0.512,0.501,0.1,0.3,1,/89H7D,,lockrbr01
331,Akil Baddoo*,26,DET,AL,18,-2,0,0,4,0,2,0.2,1,2,0.2,0.526,0.501,-0.2,0.4,-2,/798H,,baddoak01
332,Steward Berroa#,26,MIL,NL,6,0,0,0,2,0,2,0.2,0,2,0.2,0.609,0.501,0.0,0.2,0,/8,,berrost01
333,Jon Berti,35,CHC,NL,107,-6,1,1,3,1,-1,-0.1,4,3,0.2,0.498,0.499,-0.1,0.4,0,5H4/19D,,bertijo01
334,Ezequiel Durán,26,TEX,AL,219,-10,1,1,3,0,-5,-0.5,7,3,0.2,0.494,0.497,-0.2,0.4,-1,63H45/91D7,,duranez01
335,Ryan Fitzgerald*,31,MIN,AL,53,0,0,0,-1,1,0,0.1,2,2,0.2,0.502,0.500,0.3,0.0,3,/46H513D,,fitzgry01
336,Alex Freeland#,23,LAD,NL,97,-4,0,-1,2,1,-1,-0.1,3,2,0.2,0.497,0.499,0.0,0.3,0,54/H,,freelal01
337,Tristan Gray*,29,TBR,AL,86,-1,0,0,0,1,-1,-0.1,3,2,0.2,0.498,0.500,0.2,0.1,2,4/635H,,graytr01
338,Eric Haase,32,MIL,NL,77,-2,0,0,0,1,-1,-0.1,3,2,0.2,0.497,0.500,0.2,0.1,2,2/DH,,haaseer01
339,Dustin Harris*,25,TEX,AL,43,-1,0,0,3,0,1,0.1,1,2,0.2,0.505,0.501,-0.1,0.3,-1,/7H89D,,harridu01
340,Kiké Hernández,33,LAD,NL,256,-9,0,-1,6,-1,-5,-0.5,9,4,0.2,0.494,0.497,-0.4,0.5,-2,357H4/81D,,hernaen02
341,Rafael Marchán#,26,PHI,NL,118,-6,-1,1,2,2,-2,-0.2,4,2,0.2,0.496,0.499,0.0,0.4,0,2/H,,marchra01
342,Miles Mastrobuoni*,29,SEA,AL,175,-3,1,1,-2,0,-4,-0.4,6,2,0.2,0.495,0.498,0.4,-0.2,4,H5497/13D,,mastrmi01
343,Marcelo Mayer*,22,BOS,AL,136,-2,-1,1,-1,1,-2,-0.2,5,2,0.2,0.495,0.499,0.3,0.0,3,5/4H6,,mayerma01
344,Coby Mayo,23,BAL,AL,294,-3,1,0,-2,-4,-8,-0.8,10,2,0.2,0.490,0.495,0.4,-0.6,4,3/DH5,,mayoco01
345,Drew Millas#,27,WSN,NL,55,2,0,0,-3,1,0,0.0,2,2,0.2,0.499,0.500,0.5,-0.2,5,2/DH,,milladr01
346,Brian Navarreto,30,MIA,NL,15,0,0,0,1,0,2,0.2,1,2,0.2,0.521,0.501,0.1,0.1,1,/2,,navarbr01
347,Alejandro Osuna*,22,TEX,AL,176,-4,-1,0,4,-3,-4,-0.4,6,2,0.2,0.493,0.497,-0.3,0.2,-2,79/DH8,,osunaal02
348,Liover Peguero,24,PIT,NL,88,-2,0,0,0,1,-1,-0.1,3,2,0.2,0.496,0.499,0.2,0.1,2,6/3H4,,pegueli01
349,Yohel Pozo,28,STL,NL,168,-5,0,0,-1,2,-3,-0.3,6,3,0.2,0.495,0.498,0.3,0.1,3,2H/3D,,pozoyo01
350,Jake Rogers,30,DET,AL,142,-4,1,0,-1,3,-2,-0.2,5,2,0.2,0.495,0.498,0.3,0.2,3,2/1HD,,rogerja03
351,Dalton Rushing*,24,LAD,NL,155,-7,1,1,1,2,-3,-0.3,5,3,0.2,0.495,0.498,0.1,0.3,2,2/H3D,,rushida01
352,Max Schuemann,28,ATH,AL,213,-9,-1,-1,3,3,-5,-0.5,7,3,0.2,0.495,0.497,-0.1,0.6,0,45H6/789D,,schuema01
353,Tyler Tolbert,27,KCR,AL,57,0,2,0,-2,0,0,0.0,2,2,0.2,0.501,0.500,0.4,-0.2,4,H87/4695D,,tolbety01
354,Ildemaro Vargas#,33,ARI,NL,121,-3,-1,0,3,0,-2,-0.2,4,2,0.2,0.495,0.499,-0.1,0.3,-1,43/H5D6,,vargail01
355,Christian Walker,34,HOU,AL,640,-3,-1,0,-7,-7,-19,-1.9,22,3,0.2,0.487,0.488,0.9,-1.5,10,*3/DH,,walkech02
356,Masataka Yoshida*,31,BOS,AL,205,0,-1,0,0,-4,-5,-0.5,7,2,0.2,0.490,0.497,0.2,-0.4,2,D/H79,,yoshima02
357,Nathaniel Lowe*,29,2TM,2LG,609,-5,-3,2,-4,-7,-18,-1.9,21,3,0.1,0.488,0.491,0.6,-1.2,7,*3/HD,,lowena01
357,Nathaniel Lowe*,29,WSN,NL,490,-7,-3,2,-4,-6,-18,-1.9,17,-1,-0.3,0.484,0.489,0.2,-1.0,3,*3/DH,,lowena01
357,Nathaniel Lowe*,29,BOS,AL,119,2,-1,0,0,-2,0,0.0,4,4,0.4,0.500,0.500,0.4,-0.2,4,3/HD,,lowena01
358,Vidal Bruján#,27,3TM,2LG,95,-3,0,0,1,0,-1,-0.1,3,2,0.1,0.498,0.499,0.0,0.1,1,H56/9748D1,,brujavi01
358,Vidal Bruján#,27,2TM,NL,94,-3,0,0,1,0,-2,-0.2,3,1,0.1,0.497,0.499,0.0,0.1,0,H56/974D18,,brujavi01
358,Vidal Bruján#,27,CHC,NL,47,-3,0,0,-2,0,-5,-0.5,2,-4,-0.4,0.485,0.497,-0.2,-0.2,-2,H5/749D68,,brujavi01
358,Vidal Bruján#,27,BAL,AL,1,0,0,0,0,0,1,0.1,0,1,0.1,0.550,0.500,0.1,0.0,1,/8,,brujavi01
358,Vidal Bruján#,27,ATL,NL,47,0,0,0,3,1,3,0.4,2,5,0.5,0.515,0.502,0.2,0.4,2,6/H591,,brujavi01
359,Nick Ahmed,35,TEX,AL,10,-1,0,0,1,0,0,0.0,0,1,0.1,0.503,0.500,-0.1,0.1,-1,/6,,ahmedni01
360,Kevin Alcántara,22,CHC,NL,12,1,0,0,0,0,0,0.0,0,1,0.1,0.503,0.500,0.1,0.0,1,/8H7D9,,alcanke01
361,Tyler Black*,24,MIL,NL,13,1,0,0,-1,0,0,0.0,0,0,0.1,0.499,0.500,0.2,-0.1,1,/H379,,blackty01
362,Griffin Conine*,27,MIA,NL,86,1,0,0,-2,-1,-2,-0.2,3,1,0.1,0.492,0.499,0.3,-0.3,3,7/9DH,,coningr01
363,Zach Dezenzo,25,HOU,AL,109,-1,1,0,-1,-2,-3,-0.3,4,1,0.1,0.491,0.498,0.2,-0.3,2,79/D3H,,dezenza01
364,Brenton Doyle,27,COL,NL,538,-20,3,-2,0,4,-16,-1.7,18,2,0.1,0.488,0.490,0.1,0.3,2,*8/HD,,doylebr02
365,Nate Eaton,28,BOS,AL,90,0,1,0,-3,0,-2,-0.2,3,1,0.1,0.496,0.499,0.4,-0.4,4,95/H871D,,eatonna01
366,J.C. Escarra*,30,NYY,AL,98,-2,0,0,-2,1,-3,-0.3,3,1,0.1,0.493,0.498,0.3,-0.1,3,2/3H5D,,escarjc01
367,Nolan Gorman*,25,STL,NL,402,-7,-2,1,-4,0,-12,-1.2,14,2,0.1,0.489,0.493,0.5,-0.4,6,54D/H3,,gormano01
368,Petey Halpin*,23,CLE,AL,8,0,0,0,0,0,1,0.1,0,1,0.1,0.512,0.500,0.1,0.0,1,/8H7,,halpipe01
369,Brewer Hicklen,29,DET,AL,4,1,0,0,0,0,1,0.1,0,1,0.1,0.617,0.501,0.1,0.0,1,/8,,hicklbr01
370,Corey Julks,29,CHW,AL,13,-1,0,0,1,0,0,0.0,0,1,0.1,0.506,0.500,0.0,0.1,0,/7DH,,julksco01
371,C.J. Kayfus*,23,CLE,AL,138,-1,1,1,-1,-2,-3,-0.3,5,2,0.1,0.493,0.498,0.2,-0.3,3,93/HD,,kayfucj01
372,Max Kepler*,32,PHI,NL,474,-9,0,-1,1,-5,-14,-1.5,16,3,0.1,0.489,0.491,0.0,-0.4,1,*79H/8,,keplema01
373,Trevor Larnach*,28,MIN,AL,567,2,-2,-3,-5,-9,-18,-1.8,19,2,0.1,0.487,0.488,0.6,-1.5,7,D97H,,larnatr01
374,Trey Lipscomb,25,WSN,NL,4,0,0,0,0,0,0,0.0,0,1,0.1,0.512,0.500,0.1,0.0,1,/356H,,lipsctr01
375,Josh Lowe*,27,TBR,AL,435,-11,3,2,-3,-4,-13,-1.3,15,2,0.1,0.487,0.491,0.4,-0.7,5,9/HD,,lowejo01
376,Vimael Machín*,31,BAL,AL,12,-1,0,0,1,0,0,0.0,0,1,0.1,0.506,0.500,-0.1,0.1,0,/5,,machivi01
377,Andrew McCutchen,38,PIT,NL,551,-4,-2,-1,2,-10,-16,-1.7,19,3,0.1,0.488,0.490,-0.1,-0.9,1,*D/H97,,mccutan01
378,Víctor Mesa Jr.*,23,MIA,NL,38,-1,1,0,0,0,0,0.0,1,1,0.1,0.498,0.500,0.1,0.0,1,/798H,,mesavi01
379,Coco Montes,28,TBR,AL,10,-1,0,0,1,0,0,0.0,0,0,0.1,0.502,0.500,-0.1,0.1,-1,/457,,monteco01
380,Christian Moore,22,LAA,AL,184,-5,1,0,-3,2,-6,-0.6,6,1,0.1,0.489,0.496,0.4,-0.1,4,4/H,,moorech03
381,Ryan Mountcastle,28,BAL,AL,357,-4,1,-1,-1,-6,-11,-1.1,12,2,0.1,0.487,0.493,0.2,-0.7,3,3D/H,,mountry01
382,Ryne Nelson,27,ARI,NL,1,0,0,0,0,0,1,0.1,0,1,0.1,0.567,0.500,0.1,0.0,1,1/H,,nelsory01
383,Jonathan Ornelas,25,2TM,2LG,10,-1,0,0,1,0,1,0.1,0,1,0.1,0.517,0.500,0.0,0.1,0,/645,,orneljo01
383,Jonathan Ornelas,25,TEX,AL,6,-1,0,0,1,0,0,0.0,0,0,0.0,0.506,0.500,-0.1,0.1,-1,/64,,orneljo01
383,Jonathan Ornelas,25,ATL,NL,4,0,0,0,0,0,1,0.1,0,1,0.1,0.541,0.501,0.1,0.0,1,/65,,orneljo01
384,Bryan Ramos,23,CHW,AL,12,-1,0,0,1,0,0,0.0,0,1,0.1,0.507,0.500,0.0,0.1,0,/5H,,ramosbr01
385,John Rave*,27,KCR,AL,175,-8,1,1,4,-2,-4,-0.5,6,2,0.1,0.494,0.497,-0.3,0.2,-2,978/HD,,ravejo01
386,Emmanuel Rivera,29,BAL,AL,127,-5,0,0,2,0,-3,-0.4,4,1,0.1,0.492,0.498,-0.2,0.2,-1,5/3HD1,,riverem01
387,Nick Sogard#,27,BOS,AL,104,-1,-2,0,1,0,-2,-0.2,4,1,0.1,0.492,0.499,0.0,0.1,0,3/54H96,,sogarni01
388,CJ Stubbs,28,WSN,NL,3,-1,0,0,1,0,0,0.0,0,0,0.1,0.536,0.500,-0.1,0.1,-1,/2,,stubbcj01
389,Michael A. Taylor,34,CHW,AL,325,-13,-1,-1,8,-3,-9,-1.0,11,2,0.1,0.493,0.494,-0.7,0.6,-6,*879H/D,,taylomi02
390,Alek Thomas*,25,ARI,NL,469,-12,-1,3,-7,3,-14,-1.4,16,3,0.1,0.490,0.491,0.8,-0.4,9,*8/HD,,thomaal01
391,Chadwick Tromp,30,2TM,2LG,22,-1,0,0,1,0,0,0.0,1,1,0.1,0.497,0.500,-0.1,0.2,0,/2,,trompch01
391,Chadwick Tromp,30,ATL,NL,6,-1,0,0,1,0,-1,-0.1,0,0,0.0,0.473,0.500,-0.1,0.1,-1,/2,,trompch01
391,Chadwick Tromp,30,BAL,AL,16,0,0,0,0,0,0,0.0,1,1,0.1,0.505,0.500,0.1,0.0,1,/2,,trompch01
392,Enmanuel Valdéz*,26,PIT,NL,102,-2,0,0,2,-1,-2,-0.2,3,2,0.1,0.494,0.499,-0.1,0.1,0,3/4H9,,valdeen01
393,Austin Wells*,25,NYY,AL,448,-4,0,-1,-16,8,-13,-1.4,15,2,0.1,0.489,0.491,1.8,-0.8,18,*2/HD,,wellsau01
394,Jared Young*,29,NYM,NL,47,0,0,0,1,-1,-1,-0.1,2,1,0.1,0.496,0.499,-0.1,0.0,0,D/H137,,youngja02
395,Blaine Crim,28,2TM,2LG,74,-1,0,0,0,-1,-2,-0.2,3,0,0.0,0.489,0.500,0.0,-0.1,1,3/DH,,crimbl01
395,Blaine Crim,28,TEX,AL,13,-2,0,0,0,0,-3,-0.3,0,-2,-0.2,0.445,0.498,-0.2,0.0,-2,/3DH,,crimbl01
395,Blaine Crim,28,COL,NL,61,1,0,0,0,-1,1,0.1,2,3,0.3,0.503,0.500,0.3,-0.1,3,3/D,,crimbl01
396,Bryan Abreu,28,HOU,AL,0,0,0,0,0,0,0,0.0,0,0,0.0,0.500,0.500,0.0,0.0,0,1,,abreubr01
397,Maximo Acosta,22,MIA,NL,61,0,-1,0,-2,1,-2,-0.2,2,0,0.0,0.487,0.499,0.2,-0.1,2,5/46,,acostma02
398,Zach Agnos,24,COL,NL,0,0,0,0,0,0,0,0.0,0,0,0.0,0.500,0.500,0.0,0.0,0,1,,agnosza01
399,Keegan Akin*,30,BAL,AL,0,0,0,0,0,0,0,0.0,0,0,0.0,0.500,0.500,0.0,0.0,0,1,,akinke01
400,Tyler Alexander,30,CHW,AL,1,0,0,0,0,0,0,0.0,0,0,0.0,0.487,0.500,0.0,0.0,0,1,,alexaty01
401,Elvis Alvarado,26,ATH,AL,0,0,0,0,0,0,0,0.0,0,0,0.0,0.500,0.500,0.0,0.0,0,1,,alvarel01
402,Tim Anderson,32,LAA,AL,90,-7,0,0,2,1,-3,-0.3,3,0,0.0,0.489,0.498,-0.3,0.4,-2,46/H,,anderti01
403,Shawn Armstrong,34,TEX,AL,0,0,0,0,0,0,0,0.0,0,0,0.0,0.500,0.500,0.0,0.0,0,1,,armstsh01
404,Luinder Avila,23,KCR,AL,0,0,0,0,0,0,0,0.0,0,0,0.0,0.500,0.500,0.0,0.0,0,1,,avilalu02
405,José Azócar,29,2TM,NL,21,-1,0,0,0,0,-1,-0.1,1,0,0.0,0.494,0.500,0.0,0.0,0,/H978D,,azocajo01
405,José Azócar,29,NYM,NL,20,0,0,0,0,0,-1,-0.1,1,0,0.0,0.495,0.500,0.0,0.0,0,/H789,,azocajo01
405,José Azócar,29,ATL,NL,1,0,0,0,0,0,0,0.0,0,0,0.0,0.483,0.500,0.0,0.0,0,/H9D,,azocajo01
406,Kyle Backhus*,27,ARI,NL,0,0,0,0,0,0,0,0.0,0,0,0.0,0.500,0.500,0.0,0.0,0,1,,backhky01
407,Bryan Baker,30,BAL,AL,0,0,0,0,0,0,0,0.0,0,0,0.0,0.500,0.500,0.0,0.0,0,1,,bakerbr01
408,Anthony Banda*,31,LAD,NL,0,0,0,0,0,0,0,0.0,0,0,0.0,0.500,0.500,0.0,0.0,0,1,,bandaan01
409,David Bañuelos,28,BAL,AL,2,0,0,0,0,0,0,0.0,0,0,0.0,0.499,0.500,0.0,0.0,0,/DH,,banueda01
410,Tucker Barnhart*,34,TEX,AL,15,0,0,0,0,0,0,0.0,1,0,0.0,0.496,0.500,0.0,0.0,0,/21,,barnhtu01
411,Félix Bautista,30,BAL,AL,0,0,0,0,0,0,0,0.0,0,0,0.0,0.500,0.500,0.0,0.0,0,1,,bautife01
412,Warming Bernabel,23,COL,NL,146,-3,-1,0,1,-2,-4,-0.5,5,1,0.0,0.489,0.497,-0.1,-0.1,0,3/5DH,,bernawa01
413,Brennan Bernardino*,33,BOS,AL,0,0,0,0,0,0,0,0.0,0,0,0.0,0.500,0.500,0.0,0.0,0,1,,bernabr01
414,Jake Bird,29,COL,NL,0,0,0,0,0,0,0,0.0,0,0,0.0,0.500,0.500,0.0,0.0,0,1,,birdja01
415,Hayden Birdsong,23,SFG,NL,0,0,0,0,0,0,0,0.0,0,0,0.0,0.500,0.500,0.0,0.0,0,1,,birdsha01
416,Dairon Blanco,32,KCR,AL,8,0,-1,0,0,0,0,0.0,0,0,0.0,0.495,0.500,0.0,0.0,0,/H78,,blancda02
417,Matt Bowman,34,BAL,AL,0,0,0,0,0,0,0,0.0,0,0,0.0,0.500,0.500,0.0,0.0,0,1,,bowmama01
418,Rob Brantly*,35,MIA,NL,7,0,0,0,-1,0,-1,-0.1,0,0,0.0,0.482,0.500,0.1,-0.1,1,/2,,brantro01
419,John Brebbia*,35,DET,AL,0,0,0,0,0,0,0,0.0,0,0,0.0,0.500,0.500,0.0,0.0,0,1,,brebbjo01
420,Yennier Cano,31,BAL,AL,0,0,0,0,0,0,0,0.0,0,0,0.0,0.500,0.500,0.0,0.0,0,1,,canoye01
421,José Castillo*,29,SEA,AL,0,0,0,0,0,0,0,0.0,0,0,0.0,0.500,0.500,0.0,0.0,0,/1,,castijo03
422,Cade Cavalli,26,WSN,NL,0,0,0,0,0,0,0,0.0,0,0,0.0,0.500,0.500,0.0,0.0,0,1,,cavalca01
423,Aroldis Chapman*,37,BOS,AL,0,0,0,0,0,0,0,0.0,0,0,0.0,0.500,0.500,0.0,0.0,0,1,ASCYA-7MVP-18,chapmar01
424,Tsung-Che Cheng*,23,PIT,NL,7,-1,0,0,1,0,0,0.0,0,0,0.0,0.486,0.500,-0.1,0.1,-1,/64,,chengts01
425,Angel Chivilli,22,COL,NL,0,0,0,0,0,0,0,0.0,0,0,0.0,0.500,0.500,0.0,0.0,0,1,,chivian01
426,Taylor Clarke,32,KCR,AL,0,0,0,0,0,0,0,0.0,0,0,0.0,0.500,0.500,0.0,0.0,0,1,,clarkta01
427,Emmanuel Clase,27,CLE,AL,0,0,0,0,0,0,0,0.0,0,0,0.0,0.500,0.500,0.0,0.0,0,1,,claseem01
428,Billy Cook,26,PIT,NL,6,0,0,0,0,0,0,0.0,0,0,0.0,0.495,0.500,0.0,0.0,0,/9H38,,cookbi01
429,Kenedy Corona,25,HOU,AL,4,0,0,0,0,0,0,0.0,0,0,0.0,0.500,0.500,0.0,0.0,0,/8H,,coronke01
430,Steven Cruz,26,KCR,AL,0,0,0,0,0,0,0,0.0,0,0,0.0,0.500,0.500,0.0,0.0,0,1,,cruzst01
431,John Curtiss,32,ARI,NL,0,0,0,0,0,0,0,0.0,0,0,0.0,0.500,0.500,0.0,0.0,0,1,,curtijo02
432,Luis Curvelo,24,TEX,AL,0,0,0,0,0,0,0,0.0,0,0,0.0,0.500,0.500,0.0,0.0,0,1,,curvelu01
433,Bobby Dalbec,30,CHW,AL,21,-1,0,0,0,0,-1,-0.1,1,0,0.0,0.490,0.500,0.0,0.0,0,/36H5,,dalbebo01
434,Enyel De Los Santos,29,HOU,AL,0,0,0,0,0,0,0,0.0,0,0,0.0,0.500,0.500,0.0,0.0,0,1,,delosen01
435,Yerry De los Santos,27,NYY,AL,0,0,0,0,0,0,0,0.0,0,0,0.0,0.500,0.500,0.0,0.0,0,1,,delosye01
436,Justin Dean,28,LAD,NL,2,-1,0,0,0,0,0,0.0,0,0,0.0,0.499,0.500,0.0,0.0,0,8/H,,deanju01
437,Edwin Díaz,31,NYM,NL,0,0,0,0,0,0,0,0.0,0,0,0.0,0.500,0.500,0.0,0.0,0,1,AS,diazed04
438,Seranthony Domínguez,30,BAL,AL,0,0,0,0,0,0,0,0.0,0,0,0.0,0.500,0.500,0.0,0.0,0,1,,dominse01
439,Jhoan Duran,27,MIN,AL,0,0,0,0,0,0,0,0.0,0,0,0.0,0.500,0.500,0.0,0.0,0,1,,duranjh01
440,Jerar Encarnación,27,SFG,NL,56,-3,0,0,2,-1,-1,-0.1,2,1,0.0,0.493,0.499,-0.2,0.2,-1,9/H73,,encarje01
441,Dietrich Enns*,34,BAL,AL,0,0,0,0,0,0,0,0.0,0,0,0.0,0.500,0.500,0.0,0.0,0,1,,ennsdi01
442,Lucas Erceg*,30,KCR,AL,0,0,0,0,0,0,0,0.0,0,0,0.0,0.500,0.500,0.0,0.0,0,1,,erceglu01
443,Carlos Estévez,32,KCR,AL,0,0,0,0,0,0,0,0.0,0,0,0.0,0.500,0.500,0.0,0.0,0,1,AS,estevca01
444,Tyler Ferguson,31,ATH,AL,0,0,0,0,0,0,0,0.0,0,0,0.0,0.500,0.500,0.0,0.0,0,1,,ferguty01
445,Jose A. Ferrer*,25,WSN,NL,0,0,0,0,0,0,0,0.0,0,0,0.0,0.500,0.500,0.0,0.0,0,1,,ferrejo01
446,Matt Festa,32,CLE,AL,0,0,0,0,0,0,0,0.0,0,0,0.0,0.500,0.500,0.0,0.0,0,1,,festama01
447,Harry Ford,22,SEA,AL,8,-1,0,0,0,0,0,0.0,0,0,0.0,0.494,0.500,0.0,0.0,0,/2HD,,fordha01
448,Kody Funderburk*,28,MIN,AL,0,0,0,0,0,0,0,0.0,0,0,0.0,0.500,0.500,0.0,0.0,0,1,,fundeko01
449,Brandyn Garcia*,25,ARI,NL,0,0,0,0,0,0,0,0.0,0,0,0.0,0.500,0.500,0.0,0.0,0,1,,garcibr02
450,Jhostynxon García,22,BOS,AL,9,0,0,0,0,0,-1,-0.1,0,0,0.0,0.490,0.500,0.0,0.0,0,/79DH,,garcijh01
451,Robert Garcia,29,TEX,AL,0,0,0,0,0,0,0,0.0,0,0,0.0,0.500,0.500,0.0,0.0,0,1,,garciro04
452,Yimi García,34,TOR,AL,0,0,0,0,0,0,0,0.0,0,0,0.0,0.500,0.500,0.0,0.0,0,1,,garciyi01
453,Josh Hader*,31,HOU,AL,0,0,0,0,0,0,0,0.0,0,0,0.0,0.500,0.500,0.0,0.0,0,1,AS,haderjo01
454,Seth Halvorsen,25,COL,NL,0,0,0,0,0,0,0,0.0,0,0,0.0,0.500,0.500,0.0,0.0,0,1,,halvose01
455,Emerson Hancock,26,SEA,AL,0,0,0,0,0,0,0,0.0,0,0,0.0,0.500,0.500,0.0,0.0,0,1,,hancoem01
456,Ryan Helsley,30,STL,NL,0,0,0,0,0,0,0,0.0,0,0,0.0,0.500,0.500,0.0,0.0,0,1,,helslry01
457,José Herrera#,28,ARI,NL,204,-11,0,0,2,4,-6,-0.6,7,1,0.0,0.489,0.496,-0.2,0.6,-1,2/1,,herrejo04
458,Tim Herrin*,28,CLE,AL,0,0,0,0,0,0,0,0.0,0,0,0.0,0.500,0.500,0.0,0.0,0,1,,herriti01
459,Keston Hiura,28,COL,NL,21,-1,0,0,0,0,-1,-0.1,1,0,0.0,0.489,0.499,0.0,0.0,0,/3,,hiurake01
460,Jeff Hoffman,32,TOR,AL,0,0,0,0,0,0,0,0.0,0,0,0.0,0.500,0.500,0.0,0.0,0,1,,hoffmje02
461,Drey Jameson,27,ARI,NL,0,0,0,0,0,0,0,0.0,0,0,0.0,0.500,0.500,0.0,0.0,0,/1,,jamesdr01
462,Kenley Jansen#,37,LAA,AL,0,0,0,0,0,0,0,0.0,0,0,0.0,0.500,0.500,0.0,0.0,0,1,,janseke01
463,Griffin Jax,30,MIN,AL,0,0,0,0,0,0,0,0.0,0,0,0.0,0.500,0.500,0.0,0.0,0,1,,jaxgr01
464,Greg Jones#,27,CHW,AL,2,-1,0,0,0,0,0,0.0,0,0,0.0,0.495,0.500,0.0,0.0,0,/H9,,jonesgr02
465,Tommy Kahnle,35,DET,AL,0,0,0,0,0,0,0,0.0,0,0,0.0,0.500,0.500,0.0,0.0,0,1,,kahnlto01
466,Kyle Karros,22,COL,NL,156,-8,0,-1,3,1,-5,-0.5,5,0,0.0,0.488,0.497,-0.3,0.4,-3,5/DH,,karroky01
467,Kevin Kelly,27,TBR,AL,0,0,0,0,0,0,0,0.0,0,0,0.0,0.500,0.500,0.0,0.0,0,1,,kellyke02
468,Michael Kelly,32,ATH,AL,0,0,0,0,0,0,0,0.0,0,0,0.0,0.500,0.500,0.0,0.0,0,1,,kellymi03
469,Andrew Kittredge,35,BAL,AL,0,0,0,0,0,0,0,0.0,0,0,0.0,0.500,0.500,0.0,0.0,0,1,,kittran01
470,Jordan Leasure,26,CHW,AL,0,0,0,0,0,0,0,0.0,0,0,0.0,0.500,0.500,0.0,0.0,0,1,,leasujo01
471,Casey Legumina,28,SEA,AL,0,0,0,0,0,0,0,0.0,0,0,0.0,0.500,0.500,0.0,0.0,0,1,,legumca01
472,Jack Leiter,25,TEX,AL,1,0,0,0,0,0,0,0.0,0,0,0.0,0.488,0.500,0.0,0.0,0,1/H,ROY-7,leiteja01
473,Sam Long*,29,KCR,AL,0,0,0,0,0,0,0,0.0,0,0,0.0,0.500,0.500,0.0,0.0,0,1,,longsa01
474,Daniel Lynch IV*,28,KCR,AL,0,0,0,0,0,0,0,0.0,0,0,0.0,0.500,0.500,0.0,0.0,0,1,,lynchda02
475,Luke Maile,34,KCR,AL,54,0,0,0,-2,1,-1,-0.1,2,0,0.0,0.494,0.499,0.2,-0.1,2,2/H1,,mailelu01
476,Joe Mantiply,34,ARI,NL,0,0,0,0,0,0,0,0.0,0,0,0.0,0.500,0.500,0.0,0.0,0,1,,mantijo01
477,Justin Martínez,23,ARI,NL,0,0,0,0,0,0,0,0.0,0,0,0.0,0.500,0.500,0.0,0.0,0,1,,martiju01
478,Phil Maton,32,STL,NL,0,0,0,0,0,0,0,0.0,0,0,0.0,0.500,0.500,0.0,0.0,0,1,,matonph01
479,Tyler Matzek*,34,NYY,AL,0,0,0,0,0,0,0,0.0,0,0,0.0,0.500,0.500,0.0,0.0,0,/1,,matzety01
480,Matt McLain,25,CIN,NL,577,-18,4,0,-8,5,-18,-1.8,20,2,0.0,0.488,0.489,0.9,-0.4,10,*4/6HD,,mclaima01
481,Juan Mejia,24,COL,NL,0,0,0,0,0,0,0,0.0,0,0,0.0,0.500,0.500,0.0,0.0,0,1,,mejiaju01
482,Owen Miller,28,COL,NL,17,-1,0,1,0,0,0,0.0,1,0,0.0,0.498,0.500,0.0,0.0,0,/4H5D,,milleow01
483,Shelby Miller,34,ARI,NL,0,0,0,0,0,0,0,0.0,0,0,0.0,0.500,0.500,0.0,0.0,0,1,,millesh01
484,Hoby Milner*,34,TEX,AL,0,0,0,0,0,0,0,0.0,0,0,0.0,0.500,0.500,0.0,0.0,0,1,,milneho01
485,Garrett Mitchell*,26,MIL,NL,78,-4,0,1,0,1,-3,-0.3,3,0,0.0,0.489,0.498,0.0,0.1,0,8/H,,mitchga01
486,Juan Morillo,26,ARI,NL,0,0,0,0,0,0,0,0.0,0,0,0.0,0.500,0.500,0.0,0.0,0,1,,morilju02
487,Max Muncy,22,ATH,AL,220,-7,0,1,-2,2,-7,-0.7,8,1,0.0,0.489,0.496,0.2,0.0,3,54/6H,,muncyma02
488,Omar Narváez*,33,CHW,AL,10,0,0,0,-1,0,-1,-0.1,0,0,0.0,0.480,0.500,0.1,-0.1,1,/2,,narvaom01
489,Dom Nuñez*,30,CLE,AL,7,-1,0,0,0,0,0,0.0,0,0,0.0,0.483,0.500,0.0,0.0,0,/2,,nunezdo01
490,Shinnosuke Ogasawara*,27,WSN,NL,1,0,0,0,0,0,0,0.0,0,0,0.0,0.488,0.500,0.0,0.0,0,1,,ogasash01
491,Kaleb Ort,33,HOU,AL,0,0,0,0,0,0,0,0.0,0,0,0.0,0.500,0.500,0.0,0.0,0,1,,ortka01
492,Tyler Owens,24,DET,AL,0,0,0,0,0,0,0,0.0,0,0,0.0,0.500,0.500,0.0,0.0,0,/1,,owensty01
493,Richie Palacios*,28,TBR,AL,48,2,0,-1,-3,-1,-2,-0.2,2,0,0.0,0.490,0.499,0.3,-0.4,3,/473DH9,,palacri01
494,Andre Pallante,26,STL,NL,0,0,0,0,0,0,0,0.0,0,0,0.0,0.500,0.500,0.0,0.0,0,1,,pallaan01
495,Cionel Pérez,29,BAL,AL,0,0,0,0,0,0,0,0.0,0,0,0.0,0.500,0.500,0.0,0.0,0,1,,perezci01
496,Konnor Pilkington*,27,WSN,NL,0,0,0,0,0,0,0,0.0,0,0,0.0,0.500,0.500,0.0,0.0,0,1,,pilkiko01
497,Zach Pop,28,SEA,AL,0,0,0,0,0,0,0,0.0,0,0,0.0,0.500,0.500,0.0,0.0,0,/1,,popza01
498,Logan Porter,29,SFG,NL,9,0,0,0,0,0,0,0.0,0,0,0.0,0.495,0.500,0.0,0.0,0,/21,,portelo01
499,PJ Poulin,28,WSN,NL,0,0,0,0,0,0,0,0.0,0,0,0.0,0.500,0.500,0.0,0.0,0,1,,poulipj01
500,A.J. Puk*,30,ARI,NL,0,0,0,0,0,0,0,0.0,0,0,0.0,0.500,0.500,0.0,0.0,0,/1,,pukaj01
501,Colin Rea,34,CHC,NL,1,0,0,0,0,0,0,0.0,0,0,0.0,0.489,0.500,0.0,0.0,0,1,,reaco01
502,Trevor Richards,32,KCR,AL,0,0,0,0,0,0,0,0.0,0,0,0.0,0.500,0.500,0.0,0.0,0,/1,,richatr01
503,Sebastián Rivero,26,LAA,AL,34,-2,0,0,0,1,-1,-0.1,1,0,0.0,0.490,0.499,0.0,0.1,0,2,,riverse01
504,Chuckie Robinson,30,LAD,NL,2,-1,0,0,0,0,-1,-0.1,0,0,0.0,0.448,0.500,0.0,0.0,0,/2,,robinch04
505,Brendan Rodgers,28,HOU,AL,128,-5,-1,0,2,1,-4,-0.4,4,1,0.0,0.491,0.498,-0.2,0.3,-1,4/HD,,rodgebr02
506,Trevor Rogers*,27,BAL,AL,2,-1,0,0,0,0,0,0.0,0,0,0.0,0.476,0.500,0.0,0.0,0,1,CYA-9,rogertr01
507,Tyler Rogers,34,SFG,NL,0,0,0,0,0,0,0,0.0,0,0,0.0,0.500,0.500,0.0,0.0,0,1,,rogerty01
508,Eddie Rosario*,33,2TM,NL,8,-1,0,0,1,0,0,0.0,0,0,0.0,0.493,0.500,-0.1,0.1,-1,/DH9,,rosared01
508,Eddie Rosario*,33,LAD,NL,4,0,0,0,0,0,-1,-0.1,0,0,0.0,0.474,0.500,0.0,0.0,0,/D,,rosared01
508,Eddie Rosario*,33,ATL,NL,4,-1,0,0,1,0,0,0.0,0,0,0.0,0.507,0.500,-0.1,0.1,-1,/H9,,rosared01
509,Jackson Rutledge,26,WSN,NL,0,0,0,0,0,0,0,0.0,0,0,0.0,0.500,0.500,0.0,0.0,0,1,,rutleja01
510,Andrew Saalfrank*,27,ARI,NL,0,0,0,0,0,0,0,0.0,0,0,0.0,0.500,0.500,0.0,0.0,0,1,,saalfan01
511,Nick Sandlin,28,TOR,AL,0,0,0,0,0,0,0,0.0,0,0,0.0,0.500,0.500,0.0,0.0,0,1,,sandlni01
512,John Schreiber,31,KCR,AL,0,0,0,0,0,0,0,0.0,0,0,0.0,0.500,0.500,0.0,0.0,0,1,,schrejo01
513,Tanner Scott,30,LAD,NL,0,0,0,0,0,0,0,0.0,0,0,0.0,0.500,0.500,0.0,0.0,0,1,,scottta01
514,Connor Seabold,29,TBR,AL,0,0,0,0,0,0,0,0.0,0,0,0.0,0.500,0.500,0.0,0.0,0,/1,,seaboco01
515,Zack Short,30,HOU,AL,56,-1,-1,0,-1,1,-2,-0.2,2,0,0.0,0.490,0.499,0.1,0.0,1,6/HD,,shortza01
516,Bennett Sousa*,30,HOU,AL,0,0,0,0,0,0,0,0.0,0,0,0.0,0.500,0.500,0.0,0.0,0,1,,sousabe01
517,Ryne Stanek,33,NYM,NL,0,0,0,0,0,0,0,0.0,0,0,0.0,0.500,0.500,0.0,0.0,0,1,,stanery01
518,Michael Stefanic,29,TOR,AL,25,-2,0,0,1,0,-1,-0.1,1,0,0.0,0.488,0.499,-0.1,0.1,-1,/4H16,,stefami01
519,Garrett Stubbs*,32,PHI,NL,1,0,0,0,0,0,0,0.0,0,0,0.0,0.492,0.500,0.0,0.0,0,/DH2,,stubbga01
520,Brett Sullivan*,31,PIT,NL,9,0,0,0,0,0,0,0.0,0,0,0.0,0.493,0.500,0.0,0.0,0,/2,,sullibr01
521,Colby Thomas,24,ATH,AL,132,-1,0,0,-2,-1,-5,-0.5,5,0,0.0,0.490,0.497,0.2,-0.3,2,9H8/7D,,thomaco03
522,Rhylan Thomas*,25,SEA,AL,10,0,0,0,0,0,0,0.0,0,0,0.0,0.492,0.500,0.0,0.0,0,/97,,thomarh01
523,Ryan Thompson,33,ARI,NL,0,0,0,0,0,0,0,0.0,0,0,0.0,0.500,0.500,0.0,0.0,0,1,,thompry02
524,Trent Thornton,31,SEA,AL,0,0,0,0,0,0,0,0.0,0,0,0.0,0.500,0.500,0.0,0.0,0,1,,thorntr01
525,Terrin Vavra*,28,BAL,AL,1,0,0,0,0,0,0,0.0,0,0,0.0,0.472,0.500,0.0,0.0,0,/4H,,vavrate01
526,David Villar,28,SFG,NL,25,0,0,0,0,0,-1,-0.1,1,0,0.0,0.492,0.500,0.0,0.0,0,/3H5D,,villada01
527,Victor Vodnik,25,COL,NL,0,0,0,0,0,0,0,0.0,0,0,0.0,0.500,0.500,0.0,0.0,0,1,,vodnivi01
528,Ryan Walker,29,SFG,NL,0,0,0,0,0,0,0,0.0,0,0,0.0,0.500,0.500,0.0,0.0,0,1,,walkery01
529,Chad Wallach,33,LAA,AL,0,0,0,0,0,0,0,0.0,0,0,0.0,0.501,0.500,0.0,0.0,0,/2,,wallach01
530,Garrett Whitlock,29,BOS,AL,0,0,0,0,0,0,0,0.0,0,0,0.0,0.500,0.500,0.0,0.0,0,1,,whitlga01
531,Bryse Wilson,27,CHW,AL,0,0,0,0,0,0,0,0.0,0,0,0.0,0.500,0.500,0.0,0.0,0,1,,wilsobr02
532,Jesse Winker*,31,NYM,NL,81,-1,0,0,0,-2,-3,-0.3,3,0,0.0,0.490,0.498,0.0,-0.2,0,D/H7,,winkeje01
533,Austin Slater,32,2TM,AL,160,-4,0,0,1,-2,-6,-0.6,5,0,-0.1,0.490,0.499,-0.2,-0.1,-1,79H/D813,,slateau01
533,Austin Slater,32,CHW,AL,135,0,0,-1,1,-2,-2,-0.2,5,3,0.3,0.497,0.499,0.2,-0.1,2,H97/D83,,slateau01
533,Austin Slater,32,NYY,AL,25,-4,0,0,0,0,-4,-0.5,1,-3,-0.4,0.468,0.497,-0.4,-0.1,-3,/79H1,,slateau01
534,Donovan Solano,37,2TM,AL,179,-3,0,-1,0,-2,-6,-0.7,6,0,-0.1,0.491,0.496,-0.1,-0.2,0,3H/45,,solando01
534,Donovan Solano,37,SEA,AL,176,-3,0,-1,0,-2,-6,-0.6,6,0,0.0,0.491,0.496,0.0,-0.2,0,3H/5,,solando01
534,Donovan Solano,37,TEX,AL,3,-1,0,0,0,0,-1,-0.1,0,-1,-0.1,0.462,0.500,-0.1,0.0,-1,/4,,solando01
535,Ryan Vilade,26,2TM,NL,15,-2,0,0,1,0,-2,-0.2,1,-1,-0.1,0.480,0.499,-0.2,0.1,-2,/97HD,,viladry01
535,Ryan Vilade,26,STL,NL,15,-2,0,0,1,0,-2,-0.2,1,-1,-0.1,0.477,0.499,-0.2,0.1,-2,/9H7D,,viladry01
535,Ryan Vilade,26,CIN,NL,0,0,0,0,0,0,0,0.0,0,0,0.0,0.499,0.500,0.0,0.0,0,/7,,viladry01
536,Jordyn Adams,25,BAL,AL,5,-1,0,0,0,0,-1,-0.1,0,-1,-0.1,0.487,0.499,-0.1,0.0,-1,/89H,,adamsjo03
537,Sergio Alcántara#,28,SFG,NL,4,-1,0,0,0,0,-1,-0.1,0,-1,-0.1,0.415,0.499,-0.1,0.0,-1,/56,,alcanse01
538,Luken Baker,28,STL,NL,41,0,0,-1,0,-1,-2,-0.2,1,0,-0.1,0.490,0.499,-0.1,-0.1,0,DH/3,,bakerlu01
539,Jose Barrero,27,STL,NL,31,-3,0,0,0,0,-2,-0.2,1,-1,-0.1,0.490,0.499,-0.1,0.1,-1,/H48695,,garcijo02
540,Owen Caissie*,22,CHC,NL,27,-1,0,0,0,0,-2,-0.2,1,-1,-0.1,0.486,0.499,-0.1,0.0,-1,/9H7D,,caissow01
541,Paul DeJong,31,WSN,NL,208,-6,1,0,-4,2,-8,-0.8,7,-1,-0.1,0.486,0.495,0.3,-0.3,3,546/D3H,,dejonpa01
542,Adrian Del Castillo*,25,ARI,NL,131,-3,0,0,0,-2,-5,-0.5,4,-1,-0.1,0.488,0.497,-0.1,-0.2,-1,DH/2,,delcaad01
543,Blake Dunn,26,CIN,NL,75,-3,-1,0,2,-1,-4,-0.4,3,-1,-0.1,0.488,0.498,-0.3,0.1,-3,97/8HD,,dunnbl01
544,Rafael Flores,24,PIT,NL,17,-1,0,0,-1,0,-2,-0.2,1,-1,-0.1,0.475,0.499,0.0,-0.1,0,/32H,,florera03
545,Justin Foscue,26,TEX,AL,9,-1,0,0,0,0,-2,-0.2,0,-1,-0.1,0.460,0.499,-0.1,0.0,-1,/3DH,,foscuju01
546,Aramis Garcia,32,ARI,NL,4,-1,0,0,0,0,-1,-0.1,0,-1,-0.1,0.447,0.499,-0.1,0.0,-1,/2,,garciar01
547,Mitch Garver,34,SEA,AL,290,-4,-2,-1,-3,0,-10,-1.1,10,-1,-0.1,0.487,0.493,0.2,-0.3,3,2DH,,garvemi01
548,Zack Gelof,25,ATH,AL,101,-6,0,0,1,1,-4,-0.4,3,-1,-0.1,0.485,0.497,-0.2,0.2,-2,4,,gelofza01
549,Robert Hassell III*,23,WSN,NL,206,-9,2,1,-2,0,-8,-0.8,7,-1,-0.1,0.489,0.495,0.1,-0.2,1,89H/7D,,hassero02
550,Jacob Hurtubise*,27,CIN,NL,15,-2,0,0,0,0,-2,-0.2,1,-1,-0.1,0.485,0.499,-0.1,0.0,-1,/H79,,hurtuja01
551,Sandy León#,36,ATL,NL,12,-1,0,0,0,0,-1,-0.1,0,-1,-0.1,0.474,0.499,-0.1,0.0,-1,/2,,leonsa01
552,Manuel Margot,30,DET,AL,20,-1,0,0,0,0,-1,-0.1,1,-1,-0.1,0.480,0.499,-0.1,0.0,0,/9H,,margoma01
553,Michael Massey*,27,KCR,AL,277,-14,-1,0,4,1,-10,-1.0,9,0,-0.1,0.486,0.494,-0.5,0.6,-4,47/HD,,massemi02
554,Nick Maton*,28,CHW,AL,63,-2,0,0,0,-2,-3,-0.4,2,-1,-0.1,0.486,0.498,-0.2,-0.2,-1,D/H3479,,matonni01
555,Mason McCoy,30,SDP,NL,26,-1,0,0,-1,0,-2,-0.2,1,-1,-0.1,0.488,0.499,0.0,-0.1,0,6/H4D,,mccoyma01
556,Billy McKinney*,30,TEX,AL,21,-1,0,0,-1,0,-2,-0.2,1,-1,-0.1,0.471,0.499,0.0,-0.1,0,/97DH,,mckinbi01
557,Dane Myers,29,MIA,NL,333,-12,-2,-1,3,0,-11,-1.2,11,0,-0.1,0.489,0.493,-0.4,0.3,-3,89H7/D,,myersda01
558,Tomás Nido,31,DET,AL,37,0,0,0,-2,1,-2,-0.2,1,-1,-0.1,0.480,0.499,0.1,-0.1,1,2/1,,nidoto01
559,Kevin Pillar,36,TEX,AL,43,-4,1,0,1,0,-2,-0.2,1,0,-0.1,0.490,0.499,-0.2,0.1,-1,/8H9D7,,pillake01
560,Drew Romo#,23,COL,NL,3,-1,0,0,0,0,-1,-0.1,0,-1,-0.1,0.470,0.499,-0.1,0.0,-1,/H2D,,romodr01
561,César Salazar*,29,HOU,AL,16,0,0,0,-1,0,-2,-0.2,1,-1,-0.1,0.486,0.499,0.0,-0.1,0,/2HD1,,salazce01
562,Anthony Seigler*,26,MIL,NL,73,-5,1,0,1,0,-3,-0.3,2,0,-0.1,0.491,0.498,-0.2,0.1,-1,5H/123D,,seiglan01
563,Bob Seymour*,26,TBR,AL,83,-5,0,0,2,-1,-4,-0.4,3,-1,-0.1,0.484,0.497,-0.4,0.1,-3,3/DH,,seymobo01
564,Michael Siani*,25,STL,NL,19,-1,0,0,-1,0,-2,-0.2,1,-1,-0.1,0.491,0.499,0.0,-0.1,0,8/H,,sianimi01
565,Jon Singleton*,33,HOU,AL,9,-2,0,0,0,0,-1,-0.2,0,-1,-0.1,0.448,0.499,-0.1,0.0,-1,/D3H,,singljo02
566,Samad Taylor,26,SEA,AL,9,-2,0,0,0,0,-1,-0.1,0,-1,-0.1,0.468,0.499,-0.1,0.0,-1,/98H,,taylosa04
567,Justin Turner,40,CHC,NL,191,-4,0,0,1,-4,-7,-0.7,7,0,-0.1,0.491,0.496,-0.2,-0.3,-1,3HD5,,turneju01
568,George Valera*,24,CLE,AL,48,0,0,0,-2,-1,-3,-0.3,2,-1,-0.1,0.484,0.498,0.1,-0.3,1,D/9H,,valerge01
569,Donovan Walton*,31,PHI,NL,9,-2,0,0,0,0,-2,-0.2,0,-1,-0.1,0.416,0.499,-0.1,0.0,-1,/4,,waltodo01
570,Willi Castro#,28,2TM,2LG,454,-6,0,-1,-9,-1,-16,-1.6,16,0,-0.2,0.486,0.495,0.8,-1.0,9,4975/86H1,,castrwi01
570,Willi Castro#,28,MIN,AL,344,1,1,0,-9,-1,-8,-0.8,12,4,0.3,0.490,0.495,1.2,-1.0,13,4795/618H,,castrwi01
570,Willi Castro#,28,CHC,NL,110,-7,-1,0,0,0,-8,-0.8,4,-4,-0.5,0.476,0.495,-0.5,0.0,-4,95/48H7,,castrwi01
571,Curtis Mead,24,2TM,AL,264,-8,0,-2,0,-1,-10,-1.1,9,-1,-0.2,0.488,0.497,-0.2,-0.1,-1,35H4/D,,meadcu01
571,Curtis Mead,24,TBR,AL,132,-2,0,-1,2,-1,-1,-0.1,5,4,0.4,0.499,0.500,0.2,0.2,2,34H/5D,,meadcu01
571,Curtis Mead,24,CHW,AL,132,-6,0,-1,-2,0,-10,-1.0,5,-5,-0.6,0.475,0.494,-0.4,-0.2,-3,53/HD,,meadcu01
572,Ryan Noda*,29,2TM,AL,59,-5,0,0,2,-1,-4,-0.4,2,-2,-0.2,0.482,0.498,-0.4,0.1,-4,3/9DH,,nodary01
572,Ryan Noda*,29,CHW,AL,45,-3,0,0,0,-1,-4,-0.4,2,-2,-0.3,0.474,0.497,-0.3,-0.1,-2,3/D9H,,nodary01
572,Ryan Noda*,29,BAL,AL,14,-2,0,0,2,0,0,0.0,0,0,0.0,0.499,0.500,-0.2,0.2,-2,/9HD,,nodary01
573,Ali Sánchez,28,2TM,AL,23,-2,0,0,-1,0,-3,-0.3,1,-2,-0.2,0.477,0.499,-0.1,-0.1,-1,2/H13,,sanchal04
573,Ali Sánchez,28,TOR,AL,21,-1,0,0,-1,0,-2,-0.2,1,-1,-0.2,0.472,0.499,-0.1,-0.1,0,/213H,,sanchal04
573,Ali Sánchez,28,BOS,AL,2,-1,0,0,0,0,-1,-0.1,0,0,0.0,0.487,0.500,0.0,0.0,0,/2H,,sanchal04
574,CJ Alexander*,28,ATH,AL,17,-2,0,0,0,0,-2,-0.3,1,-2,-0.2,0.456,0.498,-0.2,0.0,-2,/35H79,,alexacj01
575,Will Banfield,25,CIN,NL,10,-2,0,0,0,0,-2,-0.2,0,-2,-0.2,0.473,0.499,-0.2,0.0,-1,/2,,banfiwi01
576,Samuel Basallo*,20,BAL,AL,118,-7,0,0,0,1,-6,-0.6,4,-2,-0.2,0.480,0.496,-0.2,0.1,-2,2/D3H,,basalsa01
577,Cavan Biggio*,30,KCR,AL,83,-4,0,0,1,-2,-4,-0.5,3,-1,-0.2,0.488,0.497,-0.3,-0.1,-2,HD/93745,,biggica01
578,Ryan Bliss,25,SEA,AL,39,-1,-2,0,0,0,-3,-0.3,1,-2,-0.2,0.472,0.498,-0.2,0.0,-1,4,,blissry01
579,Will Brennan*,27,CLE,AL,13,-2,0,0,0,0,-2,-0.3,0,-2,-0.2,0.457,0.498,-0.2,0.0,-2,/98H,,brennwi02
580,Tyler Callihan*,25,CIN,NL,6,-1,0,0,-1,0,-2,-0.2,0,-2,-0.2,0.454,0.499,-0.1,-0.1,-1,/74,,callity01
581,Jonatan Clase#,23,TOR,AL,112,-5,-1,0,2,-1,-5,-0.5,4,-1,-0.2,0.484,0.497,-0.4,0.1,-3,7/8H9D,,clasejo01
582,J.D. Davis,32,LAA,AL,9,-2,0,0,0,0,-2,-0.2,0,-2,-0.2,0.462,0.499,-0.2,0.0,-1,/3H5,,davisjd01
583,Bryan De La Cruz,28,ATL,NL,50,-4,-1,0,1,-1,-4,-0.4,2,-2,-0.2,0.475,0.498,-0.4,0.1,-3,7/H9D,,delacbr01
584,Elias Díaz,34,SDP,NL,283,-12,-2,-2,0,5,-11,-1.1,10,-1,-0.2,0.490,0.493,-0.2,0.5,-1,2H,,diazel01
585,Oliver Dunn*,27,MIL,NL,41,-4,0,0,0,0,-4,-0.4,1,-2,-0.2,0.474,0.498,-0.2,0.0,-2,5/3H,,dunnol01
586,Bryce Eldridge*,20,SFG,NL,37,-2,0,0,0,-1,-3,-0.3,1,-2,-0.2,0.470,0.498,-0.2,-0.1,-2,/D3,,eldribr01
587,Tristin English,28,ARI,NL,23,-4,0,0,1,0,-3,-0.3,1,-2,-0.2,0.456,0.498,-0.3,0.1,-3,/3,,englitr01
588,Braxton Fulford,26,COL,NL,120,-7,0,0,-1,2,-6,-0.6,4,-2,-0.2,0.483,0.496,-0.1,0.1,-1,2/DH,,fulfobr01
589,Luis Guillorme*,30,HOU,AL,21,-3,0,0,0,0,-3,-0.3,1,-2,-0.2,0.475,0.498,-0.2,0.0,-2,/45H,,guilllu01
590,Darell Hernaiz,23,ATH,AL,197,-6,-3,0,-2,2,-8,-0.9,7,-2,-0.2,0.483,0.495,0.0,0.0,0,654,,hernada04
591,Sam Hilliard*,31,COL,NL,61,0,0,0,-3,0,-4,-0.4,2,-2,-0.2,0.481,0.498,0.1,-0.4,1,/7H89D,,hillisa01
592,Sam Huff,27,SFG,NL,58,-2,0,0,-2,1,-4,-0.4,2,-2,-0.2,0.482,0.498,0.0,-0.1,0,2,,huffsa01
593,Otto Kemp,25,PHI,NL,218,-2,-1,0,-5,0,-8,-0.9,7,-1,-0.2,0.486,0.495,0.4,-0.6,4,537/H4,,kempot01
594,Ryan Kreidler,27,DET,AL,44,-6,1,0,1,0,-3,-0.4,2,-2,-0.2,0.478,0.498,-0.3,0.1,-3,8,,kreidry01
595,Gavin Lux*,27,CIN,NL,503,-2,-2,1,-9,-6,-18,-1.8,17,0,-0.2,0.487,0.489,0.7,-1.6,9,D74H/5,,luxga01
596,Willie MacIver,28,ATH,AL,111,-6,0,0,-2,2,-6,-0.6,4,-2,-0.2,0.482,0.496,0.0,0.0,0,2/1,,macivwi01
597,Martín Maldonado,38,SDP,NL,161,-8,-1,0,-1,4,-7,-0.8,6,-2,-0.2,0.488,0.495,-0.1,0.3,-1,2,,maldoma01
598,Justyn-Henry Malloy,25,DET,AL,127,-1,0,0,-1,-3,-6,-0.6,4,-1,-0.2,0.489,0.496,-0.1,-0.4,0,DH9/73,,malloju02
599,Nick Martini*,35,COL,NL,111,-6,1,0,2,-2,-6,-0.6,4,-2,-0.2,0.486,0.496,-0.4,0.0,-4,D9H/7,,martini02
600,Luis Matos,23,SFG,NL,184,-1,1,0,-5,-2,-8,-0.8,6,-1,-0.2,0.486,0.495,0.3,-0.7,4,97/8HD,,matoslu02
601,Austin Nola,35,COL,NL,41,-5,0,0,1,1,-3,-0.3,1,-2,-0.2,0.478,0.498,-0.3,0.2,-3,2/13DH,,nolaau01
602,Logan O'Hoppe,25,LAA,AL,451,-16,-2,-2,-4,7,-16,-1.7,15,-1,-0.2,0.486,0.489,0.2,0.3,3,2H/D,,ohopplo01
603,César Prieto*,26,STL,NL,6,-1,0,0,-1,0,-2,-0.2,0,-2,-0.2,0.433,0.499,-0.1,-0.1,-1,/4HD,,prietce01
604,Víctor Robles,28,SEA,AL,114,-2,0,0,-3,-1,-6,-0.6,4,-2,-0.2,0.480,0.496,0.1,-0.4,1,9/H8,,roblevi01
605,Esteury Ruiz,26,LAD,NL,23,-1,1,0,-2,0,-2,-0.2,1,-1,-0.2,0.488,0.499,0.1,-0.3,1,7/H9,,ruizes01
606,Blake Sabol*,27,BOS,AL,18,-2,0,0,0,0,-2,-0.3,1,-2,-0.2,0.469,0.498,-0.2,0.0,-2,/2DH,,sabolbl01
607,Hayden Senger,28,NYM,NL,78,-8,0,-1,3,2,-4,-0.4,3,-1,-0.2,0.488,0.498,-0.5,0.5,-4,2/H,,sengeha01
608,Chad Stevens,26,LAA,AL,14,-2,0,0,0,0,-2,-0.3,0,-2,-0.2,0.449,0.498,-0.2,0.0,-2,/45,,stevech02
609,Cal Stevenson*,28,PHI,NL,8,-1,0,0,-1,0,-2,-0.2,0,-2,-0.2,0.457,0.499,-0.1,-0.1,-1,/8H,,steveca01
610,Abraham Toro#,28,BOS,AL,284,-4,-3,2,-3,-3,-11,-1.1,10,-1,-0.2,0.485,0.493,0.1,-0.6,2,35/H1,,toroab01
611,Taylor Trammell*,27,HOU,AL,135,-4,0,1,-2,-1,-6,-0.6,5,-1,-0.2,0.488,0.496,0.0,-0.3,1,87H/9D,,trammta01
612,Jose Trevino,32,CIN,NL,302,-13,-1,-2,-1,6,-11,-1.1,10,0,-0.2,0.488,0.493,0.0,0.5,1,2/D1H,,trevijo01
613,Mark Vientos,25,NYM,NL,463,-1,-1,-1,-11,-2,-16,-1.7,16,0,-0.2,0.486,0.490,1.0,-1.4,11,5D/H3,,vientma01
614,Carson Williams,22,TBR,AL,106,-5,-1,-1,0,2,-5,-0.6,4,-2,-0.2,0.482,0.497,-0.2,0.2,-2,6/H,,willica02
615,Jack Winkler,26,MIA,NL,16,-1,0,0,-2,0,-2,-0.3,1,-2,-0.2,0.483,0.498,0.0,-0.2,0,/4H365,,winklja01
616,Travis Jankowski*,34,3TM,2LG,50,-3,0,0,-1,-1,-4,-0.4,2,-2,-0.3,0.483,0.499,-0.2,-0.2,-1,9H/781D,,jankotr01
616,Travis Jankowski*,34,2TM,AL,49,-3,0,0,-1,-1,-4,-0.4,2,-2,-0.3,0.481,0.499,-0.2,-0.2,-1,9/H78,,jankotr01
616,Travis Jankowski*,34,CHW,AL,15,-1,0,0,-1,0,-2,-0.3,1,-2,-0.2,0.464,0.498,-0.1,-0.1,-1,/9H8,,jankotr01
616,Travis Jankowski*,34,TBR,AL,34,-1,0,0,0,-1,-1,-0.2,1,0,0.0,0.489,0.499,0.0,-0.1,0,/97H,,jankotr01
616,Travis Jankowski*,34,NYM,NL,1,0,0,0,0,0,0,0.0,0,0,0.0,0.498,0.500,0.0,0.0,0,/H179D,,jankotr01
617,Gage Workman*,25,2TM,2LG,17,-1,0,0,-3,0,-4,-0.4,1,-3,-0.3,0.468,0.499,0.0,-0.3,0,/56HD,,workmga01
617,Gage Workman*,25,CHC,NL,15,-1,0,0,-2,0,-2,-0.2,1,-2,-0.2,0.475,0.499,0.0,-0.2,0,/56DH,,workmga01
617,Gage Workman*,25,CHW,AL,2,-1,0,0,-1,0,-2,-0.2,0,-1,-0.1,0.450,0.499,0.0,-0.1,0,/56H,,workmga01
618,Rowdy Tellez*,30,2TM,AL,312,2,-2,-1,-7,-5,-13,-1.3,11,-2,-0.3,0.488,0.495,0.4,-1.2,5,3H/D1,,tellero01
618,Rowdy Tellez*,30,SEA,AL,185,-2,-1,-1,-6,-3,-13,-1.4,6,-7,-0.8,0.478,0.492,-0.1,-0.9,-1,3/HD,,tellero01
618,Rowdy Tellez*,30,TEX,AL,127,4,-1,0,-1,-2,0,0.0,4,5,0.4,0.500,0.500,0.5,-0.3,5,3H/D1,,tellero01
619,Jorge Alfaro,32,WSN,NL,39,-2,0,0,-3,1,-4,-0.4,1,-3,-0.3,0.471,0.497,0.0,-0.2,0,2,,alfarjo01
620,Austin Barnes,35,LAD,NL,44,-3,0,0,-1,1,-4,-0.4,2,-3,-0.3,0.468,0.497,-0.2,0.0,-2,2/3DH,,barneau01
621,JJ Bleday*,27,ATH,AL,344,-4,0,0,-10,0,-14,-1.4,12,-2,-0.3,0.485,0.491,0.8,-1.0,8,89H7/D,,bledajj01
622,Gustavo Campero#,27,LAA,AL,66,-2,1,0,-3,-1,-5,-0.5,2,-3,-0.3,0.480,0.497,0.0,-0.4,0,9/H78D,,campegu01
623,Jimmy Crooks*,23,STL,NL,46,-5,0,0,0,1,-4,-0.4,2,-2,-0.3,0.473,0.498,-0.3,0.1,-2,2/DH,,crookji01
624,Travis d'Arnaud,36,LAA,AL,231,-11,-1,-1,-1,4,-10,-1.1,8,-3,-0.3,0.484,0.493,-0.2,0.3,-2,2/HD,,darnatr01
625,Stuart Fairchild,29,ATL,NL,55,-2,0,0,-1,-1,-5,-0.5,2,-3,-0.3,0.483,0.497,-0.2,-0.2,-2,9H/D78,,faircst01
626,Cody Freeman,24,TEX,AL,121,-3,0,-1,-3,0,-7,-0.7,4,-3,-0.3,0.480,0.496,0.0,-0.3,0,4/59HD7,,freemco01
627,Mickey Gasper#,29,MIN,AL,110,-7,0,0,0,0,-7,-0.7,4,-3,-0.3,0.484,0.496,-0.4,0.0,-3,2HD/347,,gaspemi01
628,Drew Gilbert*,24,SFG,NL,109,-4,0,1,-2,-1,-6,-0.6,4,-2,-0.3,0.485,0.496,-0.1,-0.3,0,9/8H7,,gilbedr01
629,Matt Gorski,27,PIT,NL,42,-2,-1,0,0,-1,-4,-0.4,1,-3,-0.3,0.471,0.497,-0.3,-0.1,-3,3/H87,,gorskma01
630,Leo Jiménez,24,TOR,AL,32,-4,0,0,0,0,-4,-0.4,1,-3,-0.3,0.476,0.497,-0.3,0.0,-3,4/H6D,,jimenle01
631,Connor Kaiser,28,ARI,NL,19,-3,0,0,-1,0,-4,-0.4,1,-3,-0.3,0.464,0.498,-0.2,-0.1,-2,/4H,,kaiseco01
632,Carter Kieboom,27,LAA,AL,8,-1,0,0,-2,0,-3,-0.3,0,-3,-0.3,0.407,0.498,-0.1,-0.2,-1,/3H,,kieboca01
633,Jacob Melton*,24,HOU,AL,78,-8,1,0,1,0,-6,-0.6,3,-3,-0.3,0.481,0.496,-0.5,0.1,-4,8/7H9,,meltoja01
634,José Miranda,27,MIN,AL,36,-4,0,0,0,0,-4,-0.4,1,-3,-0.3,0.464,0.497,-0.3,0.0,-3,5/H,,miranjo01
635,Christopher Morel,26,TBR,AL,305,-3,0,-1,-4,-4,-13,-1.3,10,-2,-0.3,0.487,0.492,0.1,-0.8,2,7HD/94,,morelch01
636,Tirso Ornelas*,25,SDP,NL,16,-2,-1,0,0,0,-3,-0.3,1,-3,-0.3,0.452,0.498,-0.3,0.0,-3,/7H8D,,ornelti01
637,Joc Pederson*,33,TEX,AL,306,-5,-1,0,1,-8,-12,-1.3,10,-2,-0.3,0.486,0.492,-0.4,-0.7,-3,DH/39,,pederjo01
638,Everson Pereira,24,TBR,AL,73,-6,0,0,1,0,-5,-0.5,2,-3,-0.3,0.476,0.497,-0.4,0.2,-4,8/H9,,pereiev01
639,Luke Raley*,30,SEA,AL,219,-2,0,0,-5,-3,-10,-1.0,7,-2,-0.3,0.486,0.494,0.3,-0.9,3,93H/8D7,,raleylu01
640,Brayan Rocchio#,24,CLE,AL,383,-12,-2,0,-6,6,-15,-1.6,13,-2,-0.3,0.486,0.490,0.3,0.0,4,64/H,,rocchbr01
641,Aaron Schunk,27,COL,NL,33,-4,-1,0,1,1,-4,-0.4,1,-3,-0.3,0.476,0.498,-0.4,0.2,-4,/64H5D,,schunaa01
642,Jack Suwinski*,26,PIT,NL,178,-10,1,0,1,-1,-9,-0.9,6,-3,-0.3,0.485,0.494,-0.4,0.0,-4,879/HD,,suwinja01
643,Zac Veen*,23,COL,NL,37,-4,0,0,1,0,-4,-0.4,1,-3,-0.3,0.465,0.497,-0.4,0.1,-4,/79H,,veenza01
644,Alex Verdugo*,29,ATL,NL,213,-8,0,1,0,-1,-9,-1.0,7,-2,-0.3,0.483,0.494,-0.3,-0.2,-2,7/H,,verdual01
645,Matt Vierling,28,DET,AL,100,-3,-1,0,-2,0,-6,-0.6,3,-3,-0.3,0.480,0.496,-0.1,-0.2,0,8/7H59D,,vierlma01
646,Jorbit Vivas*,24,NYY,AL,66,-4,-1,0,-1,1,-5,-0.5,2,-3,-0.3,0.482,0.497,-0.2,0.0,-2,45/H,,vivasjo01
647,Shay Whitcomb,26,HOU,AL,32,-4,0,0,-1,0,-4,-0.4,1,-3,-0.3,0.478,0.497,-0.2,-0.1,-2,/45HD7,,whitcsh01
648,Andrew Vaughn,27,2TM,2LG,447,-2,-4,-2,-4,-6,-17,-1.9,15,-2,-0.4,0.483,0.495,0.0,-1.0,2,3D/H,,vaughan01
648,Andrew Vaughn,27,CHW,AL,193,-14,-2,0,-4,-3,-23,-2.4,7,-16,-1.8,0.449,0.485,-1.4,-0.7,-12,3D/H,,vaughan01
648,Andrew Vaughn,27,MIL,NL,254,12,-2,-1,0,-3,5,0.5,9,14,1.3,0.508,0.503,1.4,-0.3,14,3/H,,vaughan01
649,Drew Avans*,29,2TM,2LG,18,-3,0,0,-1,0,-4,-0.4,1,-3,-0.4,0.448,0.498,-0.3,-0.1,-2,/789H,,avansdr01
649,Drew Avans*,29,ATH,AL,15,-2,0,0,-1,0,-3,-0.4,1,-3,-0.3,0.450,0.498,-0.2,-0.1,-2,/789H,,avansdr01
649,Drew Avans*,29,MIL,NL,3,-1,0,0,0,0,-1,-0.1,0,-1,-0.1,0.431,0.500,-0.1,0.0,-1,/7,,avansdr01
650,Nicky Lopez*,30,2TM,2LG,28,-4,0,0,-1,0,-5,-0.5,1,-4,-0.4,0.471,0.498,-0.3,-0.1,-3,5/6H147D,,lopezni01
650,Nicky Lopez*,30,LAA,AL,6,-2,0,0,0,0,-2,-0.2,0,-1,-0.2,0.458,0.499,-0.2,0.0,-1,/5167,,lopezni01
650,Nicky Lopez*,30,CHC,NL,22,-3,0,0,-1,0,-4,-0.4,1,-3,-0.3,0.474,0.498,-0.2,-0.1,-2,5/H64D,,lopezni01
651,Garrett Hampson,30,3TM,NL,91,-9,1,0,1,0,-7,-0.7,3,-4,-0.4,0.489,0.498,-0.5,0.1,-5,7H48/695D1,,hampsga01
651,Garrett Hampson,30,ARI,NL,41,-2,1,0,0,0,0,0.0,1,1,0.1,0.498,0.500,0.1,0.1,1,4/H6857,,hampsga01
651,Garrett Hampson,30,CIN,NL,19,-2,0,0,0,0,-3,-0.3,1,-2,-0.2,0.470,0.498,-0.2,0.0,-2,/748H56D,,hampsga01
651,Garrett Hampson,30,STL,NL,31,-5,1,0,1,-1,-4,-0.4,1,-3,-0.3,0.489,0.498,-0.4,0.0,-4,7H/986D145,,hampsga01
652,Greg Allen#,32,BAL,AL,14,-4,0,0,0,0,-4,-0.5,0,-4,-0.4,0.431,0.497,-0.4,0.0,-4,/87H,,allengr01
653,Ji Hwan Bae*,25,PIT,NL,25,-3,1,0,-2,0,-5,-0.5,1,-4,-0.4,0.464,0.497,-0.2,-0.2,-2,/H78D9,,baeji01
654,Luis Campusano,26,SDP,NL,27,-4,0,0,0,-1,-5,-0.5,1,-4,-0.4,0.451,0.497,-0.4,-0.1,-4,/DH,,campulu01
655,Andrés Chaparro,26,WSN,NL,73,-5,-1,0,1,-1,-6,-0.6,2,-3,-0.4,0.482,0.496,-0.5,0.0,-4,3/HD,,chapaan01
656,Thairo Estrada,29,COL,NL,165,-5,-1,-1,-2,1,-9,-0.9,6,-3,-0.4,0.477,0.494,-0.2,-0.1,-1,4,,estrath01
657,Denzer Guzmán,21,LAA,AL,43,-3,0,0,-3,1,-5,-0.5,1,-3,-0.4,0.462,0.497,0.0,-0.2,0,6,,guzmade01
658,Austin Hedges,32,CLE,AL,180,-12,-1,0,0,4,-9,-1.0,6,-3,-0.4,0.485,0.494,-0.4,0.4,-3,2/1,,hedgeau01
659,Rece Hinds,24,CIN,NL,44,-6,0,0,1,0,-5,-0.5,2,-4,-0.4,0.465,0.497,-0.5,0.1,-5,9/H,,hindsre01
660,Niko Kavadas*,26,LAA,AL,23,-3,0,0,-1,0,-4,-0.5,1,-4,-0.4,0.454,0.497,-0.3,-0.1,-3,3/1H,,kavadni01
661,Jordan Lawlar,22,ARI,NL,74,-5,1,0,-3,0,-6,-0.6,3,-4,-0.4,0.478,0.496,-0.1,-0.3,-1,5H/D46,,lawlajo01
662,Nick Loftin,26,KCR,AL,188,-6,-1,-1,0,-1,-10,-1.0,6,-3,-0.4,0.485,0.494,-0.4,-0.1,-3,7H45/3D,,loftini01
663,Grant McCray*,24,SFG,NL,26,-3,-1,0,0,-1,-5,-0.5,1,-4,-0.4,0.477,0.497,-0.4,-0.1,-4,97/H8,,mccragr01
664,Tristan Peters*,25,TBR,AL,12,-3,0,0,-1,0,-4,-0.4,0,-4,-0.4,0.390,0.497,-0.3,-0.1,-3,/8,,petertr01
665,Agustín Ramírez,23,MIA,NL,585,-7,1,0,-15,0,-21,-2.2,20,-2,-0.4,0.484,0.486,1.2,-1.5,13,2D/H,ROY-6,ramirag01
666,Gary Sánchez,32,BAL,AL,101,0,-1,0,-7,1,-7,-0.7,3,-4,-0.4,0.475,0.495,0.3,-0.6,3,2/D1H,,sanchga02
667,Alan Trejo,29,COL,NL,43,-5,0,-1,0,1,-5,-0.6,1,-4,-0.4,0.456,0.496,-0.4,0.1,-4,6/1,,trejoal01
668,Eric Wagaman,27,MIA,NL,514,-8,-1,-1,-2,-8,-20,-2.1,18,-3,-0.4,0.485,0.487,-0.2,-1.0,-1,*37HD/59,,wagamer01
669,Drew Waters#,26,KCR,AL,219,-6,-1,0,-2,-2,-11,-1.1,7,-3,-0.4,0.484,0.493,-0.2,-0.4,-1,789/HD,,waterdr01
670,Luke Williams,28,ATL,NL,34,-4,1,0,-2,0,-5,-0.5,1,-4,-0.4,0.487,0.497,-0.2,-0.2,-2,6H/15D,,willilu01
671,Vinny Capra,28,2TM,2LG,105,-13,1,-1,4,1,-7,-0.8,4,-4,-0.5,0.483,0.498,-0.9,0.6,-8,56H/41D,,capravi01
671,Vinny Capra,28,MIL,NL,59,-8,1,-1,0,0,-8,-0.8,2,-6,-0.6,0.467,0.495,-0.6,0.1,-6,5/H46D,,capravi01
671,Vinny Capra,28,CHW,AL,46,-5,0,0,4,1,0,0.0,2,2,0.2,0.501,0.500,-0.3,0.5,-2,6/541HD,,capravi01
672,Ben Rortvedt*,27,2TM,2LG,128,-10,0,1,-1,3,-8,-0.9,4,-4,-0.5,0.480,0.497,-0.4,0.2,-3,2,,rortvbe01
672,Ben Rortvedt*,27,TBR,AL,70,-9,0,1,0,1,-7,-0.7,2,-5,-0.5,0.471,0.495,-0.5,0.2,-5,2,,rortvbe01
672,Ben Rortvedt*,27,LAD,NL,58,-1,0,0,-1,1,-1,-0.1,2,1,0.1,0.492,0.499,0.2,0.0,2,2,,rortvbe01
673,Hunter Feduccia*,28,2TM,2LG,105,-8,0,0,-2,2,-8,-0.8,4,-4,-0.5,0.478,0.495,-0.3,0.0,-2,2/H3D,,feduchu01
673,Hunter Feduccia*,28,LAD,NL,3,0,0,0,0,0,0,0.0,0,0,0.0,0.499,0.500,0.0,0.0,0,/H3,,feduchu01
673,Hunter Feduccia*,28,TBR,AL,102,-8,0,0,-2,2,-8,-0.8,3,-4,-0.5,0.477,0.495,-0.3,0.0,-2,2/HD,,feduchu01
674,Buddy Kennedy,26,3TM,2LG,32,-4,0,0,-2,0,-6,-0.6,1,-5,-0.5,0.452,0.498,-0.3,-0.2,-3,/53H4D,,kennebu01
674,Buddy Kennedy,26,2TM,NL,26,-4,0,0,-1,0,-5,-0.5,1,-4,-0.5,0.452,0.498,-0.4,-0.1,-3,/53HD,,kennebu01
674,Buddy Kennedy,26,PHI,NL,8,-2,0,0,0,0,-2,-0.2,0,-1,-0.1,0.458,0.499,-0.1,0.0,-1,/35DH,,kennebu01
674,Buddy Kennedy,26,TOR,AL,6,0,0,0,-1,0,-1,-0.1,0,-1,-0.1,0.451,0.499,0.0,-0.1,0,/45,,kennebu01
674,Buddy Kennedy,26,LAD,NL,18,-3,0,0,-1,0,-4,-0.4,1,-3,-0.3,0.448,0.498,-0.2,-0.1,-2,/5H,,kennebu01
675,Leody Taveras#,26,2TM,AL,180,-10,0,1,-2,0,-11,-1.1,6,-5,-0.5,0.480,0.497,-0.4,-0.2,-3,89/H,,taverle01
675,Leody Taveras#,26,TEX,AL,82,-3,1,1,-2,1,-2,-0.2,3,1,0.1,0.493,0.499,0.3,-0.1,3,8/H,,taverle01
675,Leody Taveras#,26,SEA,AL,98,-7,-1,0,0,-1,-9,-0.9,3,-5,-0.6,0.467,0.494,-0.6,-0.1,-5,9/8H,,taverle01
676,Brooks Baldwin#,24,CHW,AL,328,-3,1,-1,-12,0,-15,-1.6,11,-4,-0.5,0.484,0.490,0.7,-1.3,8,7895H46,,baldwbr01
677,Trenton Brooks*,29,SDP,NL,43,-4,0,0,0,-1,-6,-0.6,1,-4,-0.5,0.475,0.496,-0.5,-0.1,-4,HD/7,,brooktr01
678,Kris Bryant,33,COL,NL,41,-5,0,0,0,-1,-6,-0.7,1,-5,-0.5,0.440,0.496,-0.5,-0.1,-5,D/H,,bryankr01
679,Daz Cameron,28,MIL,NL,42,-3,0,0,-2,-1,-6,-0.6,1,-4,-0.5,0.472,0.496,-0.3,-0.3,-2,9H/7,,camerda01
680,Cam Devanney,28,PIT,NL,38,-5,-1,0,0,0,-6,-0.6,1,-5,-0.5,0.456,0.496,-0.5,0.0,-5,5/H,,devanca01
681,Tim Elko,26,CHW,AL,72,-5,0,0,-1,-1,-7,-0.7,2,-4,-0.5,0.470,0.496,-0.4,-0.2,-3,3/DH,,elkoti01
682,Oscar González,27,SDP,NL,61,-5,-1,0,0,-1,-7,-0.7,2,-4,-0.5,0.467,0.496,-0.5,-0.1,-4,7/9HD,,gonzaos01
683,Yuli Gurriel,41,SDP,NL,40,-5,0,0,0,-1,-6,-0.6,1,-4,-0.5,0.463,0.496,-0.5,-0.1,-4,D/H3,,gourryu01
684,Jace Jung*,24,DET,AL,55,-6,0,0,-1,0,-7,-0.7,2,-5,-0.5,0.466,0.496,-0.4,-0.1,-4,5/H,,jungja01
685,Jarred Kelenic*,25,ATL,NL,65,-4,-1,0,-1,-1,-6,-0.7,2,-4,-0.5,0.472,0.496,-0.4,-0.2,-3,9/H7D,,kelenja01
686,Scott Kingery,31,LAA,AL,29,-3,0,0,-3,0,-6,-0.6,1,-5,-0.5,0.467,0.496,-0.2,-0.3,-2,/4H8619,,kingesc01
687,Matthew Lugo,24,LAA,AL,70,-1,0,0,-5,0,-7,-0.7,2,-5,-0.5,0.477,0.496,0.0,-0.5,1,8H/97,,lugoma01
688,Pablo Reyes,31,NYY,AL,34,-3,0,0,-3,0,-6,-0.6,1,-5,-0.5,0.475,0.496,-0.2,-0.3,-2,H/94517D,,reyespa01
689,Endy Rodríguez#,25,PIT,NL,57,-4,-1,0,-2,0,-7,-0.7,2,-5,-0.5,0.460,0.496,-0.3,-0.2,-3,3/2H,,rodrien01
690,Jose Siri,29,NYM,NL,36,-5,1,0,-2,0,-6,-0.6,1,-4,-0.5,0.463,0.496,-0.3,-0.2,-2,8/H,,sirijo01
691,Nick Solak,30,PIT,NL,11,-2,0,0,-3,0,-5,-0.5,0,-5,-0.5,0.364,0.497,-0.2,-0.3,-2,/347H,,solakni01
692,Jorge Soler,33,LAA,AL,315,-4,-1,-1,-5,-4,-14,-1.5,11,-4,-0.5,0.481,0.491,0.1,-1.0,1,9D/H,,solerjo01
693,Luis Vázquez,25,BAL,AL,53,-5,1,0,-3,1,-6,-0.6,2,-4,-0.5,0.481,0.496,-0.2,-0.2,-1,56/H143D,,vazqulu01
694,Weston Wilson,30,PHI,NL,125,-3,-1,1,-4,-1,-8,-0.9,4,-4,-0.5,0.484,0.495,-0.1,-0.6,0,74/3H1D5,,wilsowe01
695,Will Wilson,26,CLE,AL,91,-6,0,0,-2,1,-8,-0.8,3,-4,-0.5,0.476,0.495,-0.3,-0.1,-2,45/H1D,,wilsowi03
696,Chris Taylor,34,2TM,2LG,125,-7,-1,0,-2,0,-10,-1.0,4,-6,-0.6,0.482,0.497,-0.4,-0.2,-4,78H49/5,,tayloch03
696,Chris Taylor,34,LAD,NL,35,-4,0,0,-3,0,-7,-0.7,1,-6,-0.6,0.474,0.496,-0.3,-0.3,-3,7/8H49,,tayloch03
696,Chris Taylor,34,LAA,AL,90,-4,0,0,1,0,-3,-0.3,3,0,0.0,0.489,0.498,-0.1,0.1,-1,9/4H875,,tayloch03
697,Will Wagner*,26,2TM,2LG,149,-3,0,0,-7,0,-10,-1.1,5,-5,-0.6,0.480,0.496,0.1,-0.8,2,5H3/D4,,wagnewi01
697,Will Wagner*,26,TOR,AL,132,-1,0,0,-7,-1,-9,-0.9,5,-5,-0.5,0.477,0.494,0.2,-0.8,3,53/DH4,,wagnewi01
697,Will Wagner*,26,SDP,NL,17,-2,0,0,0,0,-1,-0.1,1,-1,-0.1,0.491,0.499,-0.1,0.0,-1,H/45,,wagnewi01
698,Alan Roden*,25,2TM,AL,153,-9,-1,1,1,-2,-10,-1.1,5,-5,-0.6,0.480,0.497,-0.7,-0.1,-6,79/H8,,rodenal01
698,Alan Roden*,25,TOR,AL,113,-6,0,1,2,-1,-5,-0.5,4,-1,-0.1,0.488,0.497,-0.3,0.1,-3,79/H8,,rodenal01
698,Alan Roden*,25,MIN,AL,40,-4,0,0,-1,0,-6,-0.6,1,-4,-0.5,0.451,0.496,-0.3,-0.1,-3,7/89,,rodenal01
699,Oswald Peraza,25,2TM,AL,265,-22,3,-1,4,2,-14,-1.5,9,-5,-0.6,0.486,0.495,-1.1,0.6,-9,5H346/1D,,perazos02
699,Oswald Peraza,25,NYY,AL,170,-15,1,0,5,2,-7,-0.7,6,-1,-0.2,0.490,0.495,-0.7,0.7,-6,54/H6D,,perazos02
699,Oswald Peraza,25,LAA,AL,95,-7,2,0,-1,0,-7,-0.8,3,-4,-0.5,0.478,0.495,-0.4,-0.1,-3,35H/61,,perazos02
700,Logan Davidson#,27,2TM,AL,47,-4,-1,0,-2,0,-7,-0.8,2,-6,-0.6,0.460,0.498,-0.4,-0.3,-4,3/H514,,davidlo01
700,Logan Davidson#,27,ATH,AL,24,-2,-1,0,-1,0,-4,-0.4,1,-3,-0.3,0.453,0.497,-0.2,-0.1,-2,/35H4,,davidlo01
700,Logan Davidson#,27,LAA,AL,23,-2,0,0,-1,0,-3,-0.3,1,-2,-0.3,0.466,0.498,-0.2,-0.1,-1,/3H1,,davidlo01
701,Christian Encarnacion-Strand,25,CIN,NL,137,-8,0,0,-1,-1,-10,-1.1,5,-5,-0.6,0.471,0.494,-0.5,-0.2,-4,3/5,,encarch01
702,Nick Gonzales,26,PIT,NL,408,-8,0,-1,-12,4,-18,-1.9,14,-4,-0.6,0.481,0.489,0.7,-0.9,8,46,,gonzani01
703,Jason Heyward*,35,SDP,NL,95,-8,0,1,0,-1,-8,-0.9,3,-5,-0.6,0.474,0.495,-0.6,-0.1,-5,7/H98,,heywaja01
704,Brady House,22,WSN,NL,274,-14,0,-2,0,2,-14,-1.5,9,-5,-0.6,0.480,0.491,-0.6,0.2,-5,5/H,,housebr01
705,Jorge Mateo,30,BAL,AL,83,-7,2,0,-4,1,-8,-0.9,3,-5,-0.6,0.479,0.495,-0.2,-0.4,-1,H68/4D517,,mateojo01
706,Carson McCusker,27,MIN,AL,30,-4,0,0,-2,-1,-7,-0.7,1,-6,-0.6,0.456,0.496,-0.4,-0.3,-4,9/HD,,mccusca01
707,MJ Melendez*,26,KCR,AL,65,-9,0,0,2,-1,-8,-0.9,2,-6,-0.6,0.463,0.495,-0.9,0.1,-8,7/9HD,,melenmj01
708,Mickey Moniak*,27,COL,NL,461,5,1,1,-23,-3,-20,-2.0,16,-4,-0.6,0.485,0.488,1.8,-2.7,19,*98H7D,,moniami01
709,Tyler O'Neill,30,BAL,AL,209,-2,0,0,-8,-2,-13,-1.3,7,-5,-0.6,0.476,0.492,0.2,-1.1,3,9D/7H,,oneilty01
710,Johnathan Rodríguez,25,CLE,AL,77,-2,0,0,-5,-1,-9,-0.9,3,-6,-0.6,0.471,0.494,-0.1,-0.6,-1,9/H7D,,rodrijo10
711,Lane Thomas,29,CLE,AL,142,-9,-1,0,-1,1,-11,-1.1,5,-6,-0.6,0.471,0.493,-0.5,0.0,-5,8/H9D,,thomala02
712,Tyler Wade*,30,SDP,NL,127,-6,-1,1,-3,0,-10,-1.0,4,-5,-0.6,0.483,0.494,-0.3,-0.3,-2,8H7/459D61,,wadety01
713,Connor Wong,29,BOS,AL,188,-11,-1,0,-2,4,-12,-1.2,6,-5,-0.6,0.481,0.492,-0.4,0.2,-3,2/H3D,,wongco01
714,Jonah Bride,29,2TM,2LG,125,-10,-2,0,2,-1,-10,-1.1,4,-6,-0.7,0.476,0.497,-0.9,0.2,-8,5H/3D14,,bridejo01
714,Jonah Bride,29,MIA,NL,45,-6,0,0,1,-1,-5,-0.6,2,-4,-0.4,0.452,0.496,-0.5,0.0,-5,/D35H,,bridejo01
714,Jonah Bride,29,MIN,AL,80,-4,-1,0,1,0,-5,-0.5,3,-2,-0.3,0.485,0.497,-0.4,0.1,-3,5H/314D,,bridejo01
715,Connor Joe,32,2TM,NL,80,-6,-1,0,0,-2,-9,-0.9,3,-6,-0.7,0.478,0.496,-0.7,-0.2,-6,9H7/3D8,,joeco01
715,Connor Joe,32,SDP,NL,10,-2,0,0,0,0,-2,-0.2,0,-2,-0.2,0.471,0.499,-0.2,0.0,-2,/H378D,,joeco01
715,Connor Joe,32,CIN,NL,70,-4,-1,0,0,-2,-7,-0.7,2,-5,-0.5,0.480,0.496,-0.5,-0.2,-5,97H/3D8,,joeco01
716,Jorge Barrosa#,24,ARI,NL,77,-10,0,0,1,0,-9,-1.0,3,-7,-0.7,0.470,0.494,-0.8,0.1,-8,87/H9D,,barrojo01
717,Seth Brown*,32,ATH,AL,76,-3,0,0,-5,-1,-9,-1.0,3,-7,-0.7,0.475,0.494,-0.2,-0.6,-2,H7/89D,,brownse01
718,Dylan Carlson#,26,BAL,AL,241,-7,-2,0,-3,-2,-14,-1.5,8,-6,-0.7,0.482,0.491,-0.4,-0.5,-3,798H,,carlsdy01
719,Michael Conforto*,32,LAD,NL,486,-12,0,-1,-5,-4,-22,-2.3,17,-5,-0.7,0.484,0.486,-0.2,-0.9,0,*7H,,confomi01
720,Jose Iglesias,35,SDP,NL,343,-10,0,1,-10,2,-17,-1.8,12,-5,-0.7,0.484,0.489,0.4,-0.8,5,465HD/7,,iglesjo01
721,Ángel Martínez#,23,CLE,AL,484,-17,1,0,-10,4,-23,-2.4,17,-6,-0.7,0.483,0.485,0.3,-0.6,4,*84H/97,,martian02
722,Jake McCarthy*,27,ARI,NL,222,-11,-1,1,-1,-2,-13,-1.4,8,-6,-0.7,0.480,0.492,-0.6,-0.3,-5,789/HD,,mccarja02
723,Matt Mervis*,27,MIA,NL,134,-4,-1,0,-4,-3,-11,-1.2,5,-7,-0.7,0.473,0.493,-0.3,-0.7,-3,3D/H,,mervima01
724,Randal Grichuk,33,2TM,2LG,293,-6,0,-1,-2,-7,-16,-1.7,10,-6,-0.8,0.485,0.495,-0.6,-0.9,-4,HD97/8,,grichra01
724,Randal Grichuk,33,ARI,NL,188,0,0,-1,-3,-5,-10,-1.0,6,-3,-0.4,0.486,0.494,-0.1,-0.8,0,DH9/78,,grichra01
724,Randal Grichuk,33,KCR,AL,105,-6,0,0,1,-2,-7,-0.7,4,-3,-0.4,0.483,0.496,-0.5,-0.1,-4,9H7/D8,,grichra01
725,Cooper Hummel#,30,2TM,AL,105,-4,-1,0,-4,-1,-11,-1.1,4,-7,-0.8,0.470,0.493,-0.4,-0.5,-3,7H/D19,,hummeco01
725,Cooper Hummel#,30,BAL,AL,1,0,0,0,0,0,0,0.0,0,0,0.0,0.471,0.500,0.0,0.0,0,/9,,hummeco01
725,Cooper Hummel#,30,HOU,AL,104,-4,-1,0,-4,-1,-10,-1.1,4,-7,-0.7,0.470,0.493,-0.3,-0.5,-3,7H/D1,,hummeco01
726,Nick Castellanos,33,PHI,NL,589,-9,0,-1,-11,-5,-26,-2.7,20,-6,-0.8,0.482,0.483,0.3,-1.7,5,*9/DH,,casteni01
727,Kyle Farmer,34,COL,NL,300,-11,-1,-1,-2,-1,-16,-1.7,10,-6,-0.8,0.482,0.489,-0.5,-0.3,-4,4D3H65/1,,farmeky01
728,Yanquiel Fernández*,22,COL,NL,147,-8,-1,0,1,-3,-12,-1.2,5,-7,-0.8,0.476,0.492,-0.9,-0.2,-8,D9/H7,,fernaya01
729,David Fry,29,CLE,AL,157,-8,0,0,0,-4,-13,-1.3,5,-7,-0.8,0.479,0.492,-0.8,-0.4,-7,DH,,fryda01
730,Edouard Julien*,26,MIN,AL,208,-7,-2,1,-5,-1,-14,-1.5,7,-7,-0.8,0.477,0.491,-0.3,-0.7,-2,34D/H6,,julieed01
731,Brooks Lee#,24,MIN,AL,527,-14,-3,1,-16,7,-25,-2.6,18,-7,-0.8,0.481,0.484,0.8,-1.0,9,654H/D,,leebr02
732,Trey Sweeney*,25,DET,AL,326,-19,-1,1,-5,5,-18,-1.9,11,-7,-0.8,0.484,0.488,-0.3,0.0,-2,*6H,,sweentr01
733,Sean Bouchard,29,COL,NL,73,-6,-1,0,-3,-1,-11,-1.2,2,-9,-0.9,0.463,0.493,-0.6,-0.4,-6,9H/D73,,bouchse01
734,Jeimer Candelario#,31,CIN,NL,91,-10,-1,0,1,0,-11,-1.2,3,-8,-0.9,0.448,0.493,-1.0,0.1,-9,5/3D,,candeje01
735,Triston Casas*,25,BOS,AL,112,-5,-1,0,-4,-1,-12,-1.2,4,-8,-0.9,0.458,0.492,-0.5,-0.5,-4,3/H,,casastr01
736,Maverick Handley,27,BAL,AL,47,-8,0,0,-3,1,-10,-1.1,2,-8,-0.9,0.435,0.494,-0.6,-0.2,-5,2/H,,handlma01
737,Kevin Newman,31,LAA,AL,116,-8,0,-1,-5,2,-12,-1.3,4,-8,-0.9,0.477,0.492,-0.4,-0.3,-3,56/4H13,,newmake01
738,James Outman*,28,2TM,2LG,148,-9,0,1,-6,0,-14,-1.5,5,-9,-1.0,0.475,0.495,-0.4,-0.7,-3,897/HD,,outmaja01
738,James Outman*,28,LAD,NL,44,-4,0,0,-1,0,-4,-0.4,2,-2,-0.2,0.484,0.498,-0.1,-0.1,-1,8/H9,,outmaja01
738,James Outman*,28,MIN,AL,104,-5,0,1,-5,-1,-11,-1.1,4,-7,-0.8,0.470,0.493,-0.3,-0.6,-2,897/HD,,outmaja01
739,Jacob Amaya,26,CHW,AL,73,-12,0,0,-2,1,-12,-1.3,2,-9,-1.0,0.465,0.492,-0.8,-0.1,-7,6/H14,,amayaja01
740,Kristian Campbell,23,BOS,AL,263,-4,-1,1,-16,2,-18,-1.8,9,-9,-1.0,0.472,0.489,0.7,-1.4,7,4/8H7D,,campbkr01
741,Mark Canha,36,KCR,AL,125,-8,0,1,-4,-2,-14,-1.4,4,-9,-1.0,0.469,0.491,-0.6,-0.6,-5,7H9/D3,,canhama01
742,Chas McCormick,30,HOU,AL,116,-6,-2,0,-3,-1,-13,-1.4,4,-9,-1.0,0.479,0.492,-0.7,-0.4,-6,879H/D1,,mccorch01
743,Anthony Santander#,30,TOR,AL,221,-12,0,-1,0,-3,-16,-1.7,8,-8,-1.0,0.468,0.489,-1.0,-0.3,-8,D9/7H3,,santaan02
744,Gio Urshela,33,ATH,AL,197,-7,-2,-1,-7,1,-16,-1.6,7,-9,-1.0,0.472,0.490,-0.3,-0.6,-2,5/3DH,,urshegi01
745,Will Robertson*,27,2TM,AL,75,-10,0,0,-1,-1,-12,-1.3,3,-10,-1.1,0.451,0.494,-1.0,-0.2,-9,7/9H8D,,roberwi02
745,Will Robertson*,27,TOR,AL,12,-1,0,0,-1,0,-3,-0.3,0,-2,-0.2,0.412,0.498,-0.1,-0.1,-1,/789,,roberwi02
745,Will Robertson*,27,CHW,AL,63,-9,0,0,0,-1,-10,-1.0,2,-8,-0.8,0.456,0.494,-0.8,-0.1,-8,7/9HD,,roberwi02
746,Nolan Jones*,27,CLE,AL,403,-16,0,0,-4,-3,-23,-2.4,14,-9,-1.1,0.482,0.485,-0.7,-0.8,-5,*98H7/D,,jonesno01
747,Tyler Locklear,24,ARI,NL,116,-7,0,0,-5,-1,-14,-1.4,4,-10,-1.1,0.453,0.491,-0.6,-0.7,-5,3/H,,locklty01
748,Orlando Arcia,30,2TM,NL,214,-15,-1,0,-4,2,-18,-1.9,7,-11,-1.2,0.475,0.491,-0.8,-0.2,-7,6453/HD,,arciaor01
748,Orlando Arcia,30,ATL,NL,32,-2,0,1,-1,0,-2,-0.2,1,-1,-0.1,0.485,0.499,0.0,-0.1,0,6/DH,,arciaor01
748,Orlando Arcia,30,COL,NL,182,-13,-1,0,-3,1,-16,-1.7,6,-10,-1.1,0.473,0.490,-0.8,-0.2,-7,4563/HD,,arciaor01
749,Ronny Simón#,25,2TM,NL,88,-4,0,1,-11,-1,-15,-1.5,3,-12,-1.2,0.445,0.495,-0.1,-1.2,-1,/47D9H6,,simonro01
749,Ronny Simón#,25,MIA,NL,56,-1,0,0,-8,0,-9,-0.9,2,-7,-0.7,0.452,0.494,0.1,-0.8,1,/47D6H,,simonro01
749,Ronny Simón#,25,PIT,NL,32,-3,0,0,-3,0,-6,-0.6,1,-4,-0.5,0.430,0.497,-0.2,-0.3,-1,/97DH,,simonro01
750,Adael Amador#,22,COL,NL,128,-9,-1,0,-7,1,-16,-1.7,4,-12,-1.2,0.460,0.490,-0.5,-0.6,-5,4/H,,amadoad01
751,DaShawn Keirsey Jr.*,28,MIN,AL,88,-12,0,1,0,-2,-14,-1.5,3,-11,-1.2,0.480,0.491,-1.2,-0.2,-11,9H78/D,,keirsda01
752,Joshua Palacios*,29,CHW,AL,145,-5,-1,1,-9,-2,-16,-1.7,5,-11,-1.2,0.467,0.490,-0.3,-1.2,-2,97/HD,,palacjo01
753,Jacob Stallings,35,2TM,2LG,129,-16,-1,-1,-1,3,-16,-1.8,4,-12,-1.3,0.458,0.494,-1.2,0.2,-11,2/H1,,stallja01
753,Jacob Stallings,35,COL,NL,93,-11,-1,0,-1,2,-12,-1.2,3,-9,-0.9,0.456,0.492,-0.8,0.1,-7,2/1H,,stallja01
753,Jacob Stallings,35,BAL,AL,36,-5,0,-1,0,1,-5,-0.5,1,-4,-0.4,0.463,0.497,-0.4,0.1,-4,2/H,,stallja01
754,Jac Caglianone*,22,KCR,AL,232,-15,0,0,-2,-3,-19,-2.1,8,-11,-1.3,0.467,0.487,-1.1,-0.5,-9,93/DH,,caglija01
755,Tyler Freeman,26,COL,NL,428,-3,-4,-1,-14,-4,-26,-2.7,15,-11,-1.3,0.476,0.484,0.2,-1.9,3,9D4H/57,,freemty01
756,Santiago Espinal,30,CIN,NL,328,-20,-2,-1,-2,1,-23,-2.5,11,-12,-1.4,0.479,0.485,-1.2,-0.1,-10,54H7/93D6,,espinsa01
757,Jhonkensy Noel,23,CLE,AL,153,-13,0,-1,-2,-2,-18,-1.9,5,-12,-1.4,0.473,0.488,-1.2,-0.4,-10,9H/37D,,noeljh01
758,Hunter Renfroe,33,KCR,AL,108,-9,-1,-1,-5,-1,-17,-1.8,4,-13,-1.5,0.448,0.489,-1.0,-0.6,-8,9/HD,,renfrhu01
759,Josh Rojas*,31,CHW,AL,211,-12,0,-1,-9,2,-21,-2.2,7,-13,-1.5,0.469,0.487,-0.5,-0.8,-4,54/7H,,rojasjo01
760,Heston Kjerstad*,26,BAL,AL,167,-8,0,-1,-8,-2,-20,-2.1,6,-14,-1.6,0.461,0.487,-0.7,-1.0,-6,79/HD,,kjershe01
761,LaMonte Wade Jr.*,31,2TM,2LG,242,-13,0,0,-7,-3,-24,-2.5,8,-16,-1.7,0.469,0.492,-1.0,-1.0,-9,39H/D7,,wadela01
761,LaMonte Wade Jr.*,31,SFG,NL,169,-8,0,0,-6,-2,-16,-1.7,6,-11,-1.2,0.466,0.490,-0.6,-0.9,-5,3/HD,,wadela01
761,LaMonte Wade Jr.*,31,LAA,AL,73,-6,0,0,-1,-1,-7,-0.8,2,-5,-0.5,0.474,0.495,-0.5,-0.2,-4,9/H37,,wadela01
762,Michael Toglia#,26,COL,NL,337,-18,0,-1,-3,-4,-26,-2.7,12,-15,-1.7,0.469,0.483,-1.3,-0.8,-11,3/DH,,toglimi01
763,Jordan Walker,23,STL,NL,396,-14,0,0,-11,-3,-29,-3.0,14,-15,-1.7,0.473,0.482,-0.6,-1.5,-4,9/HD,,walkejo02